Category	Term	Count	%	PValue	Genes	List Total	Pop Hits	Pop Total	Fold Enrichment	Bonferroni	Benjamini	FDR
GOTERM_BP_DIRECT	GO:0042742~defense response to bacterium	174	10.344827586206897	7.763434034361192E-29	AT4G23240, AT2G36410, AT2G38830, AT1G67340, AT1G25390, AT2G39400, AT4G36550, AT5G57220, AT3G15760, AT3G45730, AT4G14400, AT5G58430, AT4G22710, AT3G50530, AT2G41560, AT2G46330, AT5G40910, AT3G45290, AT4G00990, AT3G56400, AT4G02410, AT3G49790, AT3G04640, AT1G33560, AT3G29000, AT3G57730, AT2G33710, AT4G28703, AT5G53830, AT5G14730, AT5G67385, AT2G36420, AT4G11000, AT5G65920, AT4G37370, AT4G11521, AT4G17900, AT4G23810, AT3G53810, AT3G29250, AT1G03220, AT4G22690, AT1G67920, AT1G73805, AT5G41100, AT5G52750, AT1G16130, AT3G25597, AT5G46470, AT2G17230, AT3G18773, AT3G43850, AT5G03380, AT1G22890, AT5G02290, AT5G03140, AT2G44490, AT2G30930, AT5G41740, AT1G21326, AT1G70090, AT1G59590, AT4G15670, AT4G11470, AT1G05675, AT3G12830, AT5G18470, AT4G23150, AT1G14880, AT1G56240, AT5G42440, AT5G22690, AT2G38780, AT1G70420, AT1G59910, AT5G46080, AT3G02800, AT1G48480, AT4G24240, AT1G69790, AT1G18570, AT5G41750, AT2G27389, AT1G63860, AT5G26920, AT3G56710, AT1G56250, AT4G33925, AT4G23160, AT4G23280, AT1G16110, AT5G54710, AT1G71520, AT4G01090, AT2G38470, AT4G23320, AT5G44070, AT4G09890, AT5G46490, AT5G11140, AT4G39580, AT2G41640, AT4G30370, AT5G37490, AT1G11350, AT2G37710, AT1G63750, AT2G04070, AT3G03870, AT3G52480, AT5G24210, AT3G08760, AT1G55450, AT4G23610, AT5G54720, AT1G33760, AT5G46260, AT5G57550, AT1G02610, AT3G47820, AT3G18560, AT1G27770, AT3G19010, AT1G70560, AT5G38210, AT3G13310, AT2G41890, AT4G13340, AT4G02200, AT5G25930, AT1G56150, AT5G40690, AT4G23180, AT3G56410, AT5G66200, AT5G64660, AT2G36430, AT2G17550, AT1G17147, AT4G24670, AT2G41905, AT4G38550, AT1G77640, AT4G29050, AT2G20960, AT1G27100, AT3G47210, AT2G40095, AT2G43120, AT5G45110, AT5G43450, AT5G19240, AT1G64065, AT4G23190, AT3G54000, AT1G11050, AT5G27420, AT5G66675, AT3G19680, AT1G19210, AT5G66790, AT3G26910, AT3G17650, AT3G20300, AT2G46400, AT1G50590, AT2G20950, AT1G23710, AT5G28630, AT2G28830, AT4G33950, AT2G25200, AT4G19660, AT5G04720	1521	1092	23398	2.451185238167487	1.0247732925356773E-25	1.0247732925356773E-25	9.844034355569991E-26
GOTERM_BP_DIRECT	GO:0031347~regulation of defense response	104	6.183115338882283	1.5284664053932578E-18	AT2G38830, AT2G38790, AT1G25390, AT5G06280, AT2G39400, AT4G36550, AT4G14400, AT4G22710, AT2G46330, AT5G40910, AT3G56400, AT3G04640, AT5G18130, AT3G29000, AT2G33710, AT4G28703, AT2G36420, AT4G11000, AT3G15530, AT5G65920, AT4G11521, AT4G17900, AT4G23810, AT3G29250, AT4G22690, AT1G67920, AT5G41100, AT5G52750, AT1G16130, AT3G25597, AT1G29050, AT2G32030, AT5G03380, AT5G02290, AT5G41740, AT1G70090, AT1G59590, AT1G05675, AT5G18470, AT1G14880, AT1G56240, AT5G42440, AT5G22690, AT1G70420, AT1G59910, AT5G46080, AT3G02800, AT4G09420, AT1G69790, AT5G66910, AT5G41750, AT1G63860, AT1G56250, AT1G16110, AT5G54710, AT1G71520, AT4G01090, AT2G20142, AT4G39580, AT2G41640, AT5G37490, AT4G18760, AT1G10140, AT1G63750, AT2G04070, AT3G08760, AT1G55450, AT4G23610, AT5G54720, AT4G14713, AT1G33760, AT5G46260, AT5G66130, AT5G57550, AT1G02610, AT3G47820, AT1G27770, AT3G19010, AT5G38210, AT4G13340, AT4G02200, AT5G25930, AT5G40690, AT3G56410, AT5G64660, AT2G36430, AT1G17147, AT4G38550, AT2G20960, AT1G27100, AT3G47570, AT4G32570, AT2G40095, AT5G19240, AT1G11050, AT5G66675, AT3G19680, AT1G19210, AT1G17430, AT3G26910, AT1G50590, AT2G20950, AT1G23710, AT5G28630	1521	629	23398	2.543502778796897	2.0175756551191E-15	1.00878782755955E-15	9.690477010193255E-16
GOTERM_BP_DIRECT	GO:0071456~cellular response to hypoxia	57	3.388822829964328	3.1416153436083115E-16	AT5G26920, AT1G33055, AT3G23150, AT3G55980, AT5G57220, AT2G01180, AT4G30370, AT2G26560, AT1G10140, AT3G56400, AT3G08720, AT1G35140, AT3G04640, AT1G68840, AT1G72940, AT4G27450, AT1G66180, AT1G72900, AT1G25550, AT1G69890, AT3G10040, AT4G19520, AT3G13310, AT5G47910, AT1G21550, AT2G41010, AT1G03220, AT1G26800, AT5G58120, AT4G19880, AT2G26190, AT3G46090, AT5G45340, AT3G23170, AT3G02550, AT2G15890, AT1G72910, AT5G57560, AT1G66080, AT2G47520, AT5G03380, AT2G23430, AT1G78850, AT1G72430, AT5G37670, AT3G46080, AT1G14200, AT5G19240, AT5G27420, AT2G36800, AT1G72920, AT1G66090, AT2G46400, AT4G33070, AT1G23710, AT3G10020, AT4G12390	1521	252	23398	3.4795560564791335	4.39648317751562E-13	1.382310751187657E-13	1.3278560852317797E-13
GOTERM_BP_DIRECT	GO:0006355~regulation of transcription, DNA-templated	212	12.604042806183116	1.3556861173591835E-14	AT4G35900, AT5G65410, AT2G38790, AT1G67340, AT3G59580, AT3G02210, AT2G39400, AT5G25190, AT3G15760, AT2G23290, AT3G56400, AT2G33310, AT3G29000, AT1G72820, AT1G66140, AT2G37590, AT5G44160, AT1G64080, AT2G25900, AT3G15530, AT2G42380, AT1G53160, AT4G00238, AT3G46130, AT3G46370, AT1G73805, AT5G41100, AT5G62165, AT1G72830, AT4G37540, AT5G03380, AT3G46600, AT3G13000, AT2G40970, AT3G12830, AT2G31230, AT5G22690, AT3G49530, AT3G54320, AT2G38300, AT4G24240, AT1G12860, AT2G21320, AT5G56960, AT1G24160, AT1G01060, AT5G26920, AT4G39070, AT1G27370, AT3G01600, AT4G01090, AT4G14605, AT2G38470, AT5G25390, AT3G62550, AT5G09460, AT5G10570, AT4G18880, AT1G47655, AT5G06510, AT5G47900, AT2G41640, AT2G01180, AT3G48360, AT3G27540, AT5G66770, AT5G47230, AT4G21550, AT1G02610, AT4G35270, AT1G42990, AT4G36920, AT4G14270, AT2G29065, AT3G46090, AT1G12890, AT5G66320, AT1G72910, AT1G49130, AT1G27100, AT1G75060, AT2G02070, AT3G46080, AT3G54000, AT5G66675, AT2G17300, AT1G14600, AT4G28640, AT5G51190, AT2G46400, AT1G07520, AT1G36060, AT2G02060, AT1G01420, AT2G30432, AT1G18330, AT1G69490, AT5G08330, AT4G29190, AT2G44150, AT1G46480, AT2G20180, AT4G39780, AT3G10113, AT4G18960, AT4G00870, AT3G05690, AT2G33710, AT5G53830, AT1G51700, AT2G36420, AT1G25550, AT1G73630, AT1G71450, AT3G09020, AT3G44350, AT2G42300, AT1G43640, AT5G60910, AT3G30300, AT4G18390, AT1G28360, AT5G61590, AT4G00180, AT2G18570, AT3G44820, AT5G07580, AT1G76110, AT4G38910, AT1G59590, AT5G07900, AT1G59910, AT3G49930, AT2G30420, AT2G31070, AT4G00050, AT2G35430, AT4G05070, AT1G75710, AT1G49720, AT4G36180, AT3G47640, AT1G20640, AT5G51790, AT2G47890, AT1G75390, AT2G30590, AT5G43020, AT2G33500, AT3G23230, AT3G55980, AT1G06150, AT1G71520, AT4G26150, AT4G31060, AT1G01490, AT5G38860, AT5G43700, AT1G76890, AT3G50060, AT1G68920, AT4G00950, AT1G33760, AT1G73830, AT1G10540, AT4G00390, AT5G43270, AT1G78600, AT3G18560, AT1G27770, AT3G10040, AT5G41410, AT2G25420, AT5G06800, AT4G14550, AT2G41130, AT4G02200, AT3G12910, AT1G56150, AT3G02550, AT4G00940, AT1G12490, AT1G74930, AT5G64660, AT3G22961, AT1G17147, AT1G67040, AT2G17040, AT4G17810, AT1G77640, AT5G50010, AT3G47570, AT2G02450, AT5G01200, AT1G33060, AT1G14440, AT4G17490, AT1G06160, AT1G11050, AT3G23240, AT3G61850, AT3G19680, AT1G19210, AT5G67480, AT1G50750, AT5G60970, AT1G23710, AT4G32980, AT2G42200, AT3G45260, AT3G15510, AT4G37750	1521	1928	23398	1.6915247394021733	1.787903158856352E-11	4.473764187285305E-12	4.297524992028612E-12
GOTERM_BP_DIRECT	GO:0007165~signal transduction	118	7.015457788347206	5.3299020829754145E-14	AT5G46450, AT1G72930, AT2G38790, AT1G25390, AT4G16940, AT1G72890, AT1G46480, AT4G19530, AT2G46330, AT5G40910, AT5G43870, AT4G21510, AT5G53830, AT1G72940, AT5G66330, AT3G44630, AT4G11000, AT1G71970, AT4G11521, AT4G19520, AT3G09020, AT2G20050, AT5G47960, AT1G57680, AT1G34760, AT1G56230, AT1G16130, AT3G25510, AT1G56510, AT3G05900, AT5G46470, AT2G32030, AT4G36450, AT5G03380, AT4G14740, AT4G16920, AT4G13810, AT5G41740, AT2G26980, AT1G75020, AT1G59590, AT4G15670, AT1G05675, AT5G01810, AT1G63730, AT5G42440, AT5G22690, AT2G25090, AT1G56520, AT1G57850, AT5G46080, AT5G64330, AT4G09420, AT4G24240, AT1G69790, AT5G66910, AT5G41750, AT1G63860, AT1G16110, AT1G71520, AT4G01090, AT1G71400, AT5G47580, AT5G46490, AT2G20142, AT1G47370, AT3G11080, AT1G72850, AT1G18020, AT5G51440, AT4G39580, AT4G32790, AT4G16860, AT3G12610, AT4G18760, AT5G22310, AT1G13530, AT1G63750, AT3G49750, AT3G05370, AT2G30520, AT5G54720, AT5G46260, AT1G72900, AT1G73670, AT5G60710, AT5G56220, AT3G45640, AT2G41890, AT5G58120, AT4G02200, AT5G40170, AT3G04210, AT3G25670, AT1G63880, AT3G56410, AT2G36430, AT1G65380, AT1G72910, AT5G46270, AT3G17640, AT3G61160, AT4G16960, AT2G20960, AT1G69900, AT2G40095, AT5G43450, AT1G64065, AT4G25810, AT1G72920, AT2G33050, AT1G68780, AT4G22540, AT1G66090, AT4G16950, AT1G17040, AT5G11250, AT1G03440	1521	875	23398	2.074547947778717	7.034373084024992E-11	1.4070941499055095E-11	1.3516631682425651E-11
GOTERM_BP_DIRECT	GO:0040007~growth	41	2.4375743162901307	1.4278292601590668E-11	AT2G34510, AT2G36410, AT5G43020, AT4G02540, AT4G01330, AT3G29670, AT1G57980, AT1G30440, AT2G17230, AT5G07240, AT4G28180, AT1G18020, AT1G14380, AT1G76890, AT2G02450, AT4G32790, AT5G01200, AT4G16563, AT5G56250, AT2G23130, AT2G46330, AT5G20110, AT2G31110, AT5G44680, AT1G68400, AT3G50560, AT2G35470, AT4G22540, AT4G29310, AT5G57550, AT3G19850, AT5G60710, AT3G15530, AT5G12440, AT1G28660, AT1G70100, AT5G61200, AT3G14240, AT5G51550, AT3G20080, AT4G13340	1521	186	23398	3.3909425745654036	1.8847283511647106E-8	3.1412243723499468E-9	3.017479169802828E-9
GOTERM_BP_DIRECT	GO:0006468~protein phosphorylation	110	6.539833531510107	1.5682440984506427E-10	AT4G23240, AT2G31880, AT4G01330, AT5G23170, AT1G25390, AT3G26700, AT1G11300, AT1G54820, AT3G13065, AT1G75640, AT4G27290, AT1G20650, AT3G50530, AT3G08720, AT4G02410, AT1G67510, AT3G57730, AT1G63430, AT5G66210, AT1G67470, AT1G51940, AT5G10020, AT2G28970, AT3G53810, AT2G20050, AT3G28040, AT3G46370, AT1G70530, AT5G66880, AT4G36450, AT1G74330, AT3G17840, AT5G02290, AT5G03140, AT2G26980, AT2G45340, AT4G11470, AT5G01810, AT3G57830, AT4G23150, AT5G42440, AT4G00970, AT5G46080, AT1G48480, AT2G16250, AT1G11410, AT1G69790, AT1G54510, AT5G65700, AT1G16150, AT4G36180, AT2G02780, AT1G01740, AT5G43020, AT3G25490, AT4G23160, AT4G23280, AT5G45840, AT4G24810, AT1G35710, AT1G16110, AT3G22420, AT2G33580, AT4G23320, AT3G58690, AT3G44200, AT5G03640, AT5G39030, AT1G53090, AT2G25790, AT1G11350, AT2G37710, AT3G03870, AT3G57530, AT3G08760, AT1G68400, AT3G57770, AT5G07180, AT2G39180, AT5G58520, AT1G73670, AT1G18390, AT3G45640, AT5G38210, AT2G41890, AT5G39020, AT1G60800, AT5G25930, AT4G27300, AT4G26610, AT4G23180, AT1G61460, AT3G56370, AT3G61160, AT3G19300, AT4G29050, AT3G47570, AT4G23190, AT1G11050, AT4G22940, AT1G70740, AT5G62230, AT5G66790, AT4G04570, AT3G44610, AT1G28440, AT3G13690, AT1G79670, AT4G33950, AT1G69910	1521	897	23398	1.88646939868962	2.0700824243657934E-7	2.957260299935498E-8	2.8407621669077357E-8
GOTERM_BP_DIRECT	GO:0006952~defense response	101	6.004756242568371	2.417596411022311E-10	AT2G31880, AT5G46450, AT4G08920, AT1G72930, AT1G27690, AT4G16940, AT1G02300, AT1G72890, AT5G10770, AT5G58430, AT4G15975, AT4G19530, AT1G20650, AT2G03440, AT2G46450, AT5G40910, AT3G45290, AT3G11840, AT1G33560, AT5G18650, AT1G72940, AT5G66210, AT1G11310, AT1G67470, AT1G51940, AT3G44630, AT1G72260, AT1G02930, AT4G19520, AT2G28970, AT3G28040, AT3G25510, AT1G28360, AT1G56510, AT5G46470, AT2G47520, AT1G22890, AT5G02290, AT5G04230, AT4G16920, AT5G41740, AT3G09390, AT4G16880, AT2G31230, AT3G09710, AT3G23160, AT5G66070, AT1G63730, AT5G22690, AT1G56520, AT4G09420, AT1G69790, AT5G53570, AT1G49840, AT5G41750, AT2G46440, AT2G29320, AT1G63860, AT2G37940, AT4G23280, AT1G35310, AT5G46490, AT1G72850, AT4G16860, AT4G18760, AT1G63750, AT1G14340, AT3G27540, AT2G35930, AT5G42100, AT5G25140, AT5G47230, AT5G46260, AT5G66130, AT1G72900, AT4G29310, AT2G39180, AT3G13310, AT5G47910, AT5G58120, AT1G60800, AT3G04210, AT1G63880, AT1G63360, AT1G72910, AT5G46270, AT4G16960, AT1G75500, AT4G38670, AT2G02450, AT5G56590, AT4G17490, AT1G15890, AT3G23240, AT1G72920, AT2G15480, AT1G66090, AT4G16950, AT5G11250, AT1G03440, AT5G04720	1521	803	23398	1.9348858611240065	3.191226374266165E-7	3.989034078186813E-8	3.8318903114703626E-8
GOTERM_BP_DIRECT	GO:0009755~hormone-mediated signaling pathway	51	3.032104637336504	4.5530192649261093E-10	AT4G01010, AT2G34510, AT1G35710, AT1G67340, AT5G54710, AT4G36550, AT5G66900, AT1G24095, AT2G48030, AT4G33960, AT2G41640, AT2G46330, AT1G10140, AT1G63750, AT3G04640, AT3G08760, AT3G29000, AT1G17970, AT3G15530, AT1G27770, AT3G19010, AT5G38210, AT2G46780, AT5G58120, AT5G47960, AT5G25930, AT4G22690, AT1G67920, AT5G66200, AT5G64660, AT1G34200, AT1G17147, AT5G02290, AT1G27100, AT2G24600, AT1G21000, AT3G47570, AT1G70090, AT2G43200, AT5G19240, AT5G22690, AT1G11050, AT5G66675, AT1G18000, AT3G02800, AT3G26910, AT5G65700, AT1G50590, AT5G62630, AT1G23710, AT2G27389	1521	296	23398	2.650501092808785	6.009983372079475E-7	6.677761588558294E-8	6.414698253251451E-8
GOTERM_BP_DIRECT	GO:0009611~response to wounding	107	6.361474435196195	2.096803699932458E-9	AT5G23210, AT1G80440, AT2G38790, AT1G67340, AT2G39400, AT4G18205, AT3G43670, AT4G22710, AT1G43650, AT1G03230, AT2G29670, AT3G04640, AT5G18130, AT3G29000, AT5G53830, AT4G12735, AT2G36780, AT4G11000, AT3G15530, AT4G37370, AT4G17900, AT1G03220, AT5G44572, AT1G67920, AT5G44570, AT5G41100, AT5G52750, AT2G32030, AT5G64900, AT5G03380, AT5G02290, AT5G56550, AT5G04230, AT1G52100, AT2G24600, AT5G41740, AT2G28120, AT1G59590, AT3G12830, AT5G18470, AT1G14880, AT1G56240, AT4G32940, AT5G44585, AT1G59910, AT4G24240, AT1G69790, AT5G41750, AT2G26695, AT2G27389, AT4G35770, AT1G63860, AT1G56250, AT5G14780, AT5G54710, AT4G01090, AT3G61060, AT1G18020, AT4G39580, AT2G41640, AT3G48360, AT1G62810, AT3G08760, AT1G55450, AT5G54720, AT4G14713, AT5G04190, AT1G16090, AT1G02610, AT3G18560, AT3G45640, AT1G27770, AT3G19010, AT5G38210, AT3G13310, AT5G47910, AT5G58120, AT1G56150, AT5G40690, AT1G74930, AT5G64660, AT1G17147, AT3G02310, AT4G38550, AT2G20960, AT1G27100, AT3G20370, AT1G21000, AT2G02450, AT1G05630, AT1G58180, AT4G32570, AT2G40095, AT1G11050, AT5G66675, AT1G19210, AT1G72920, AT1G18000, AT3G26510, AT5G67480, AT5G66790, AT3G26910, AT1G23710, AT1G78460, AT2G03550, AT5G11090, AT1G69910	1521	904	23398	1.820811005800795	2.7677770970679916E-6	2.767780883910845E-7	2.658747091514357E-7
GOTERM_BP_DIRECT	GO:0009751~response to salicylic acid	49	2.9131985731272296	5.042672462028141E-9	AT1G56250, AT4G23280, AT4G14400, AT3G15760, AT3G43670, AT4G39580, AT3G50530, AT3G48360, AT1G62810, AT3G56400, AT2G37710, AT1G63750, AT2G04070, AT1G21910, AT4G23170, AT3G29000, AT1G55450, AT4G28703, AT4G23610, AT5G54720, AT1G33760, AT5G46260, AT5G57550, AT4G11000, AT1G27770, AT4G11521, AT4G23810, AT5G38210, AT3G29250, AT4G13340, AT5G25930, AT5G40690, AT5G52750, AT1G16130, AT5G54610, AT1G49010, AT1G22890, AT5G41740, AT2G02450, AT1G59590, AT5G18470, AT1G14880, AT5G42440, AT1G56240, AT5G22690, AT4G32940, AT5G67480, AT2G46400, AT5G41750	1521	298	23398	2.5294688676206487	6.656305565844178E-6	6.051206954433769E-7	5.81282607441062E-7
GOTERM_BP_DIRECT	GO:0042343~indole glucosinolate metabolic process	13	0.7728894173602854	1.2723339210184246E-8	AT5G42440, AT3G08760, AT1G11050, AT4G28703, AT1G17147, AT2G32030, AT5G57220, AT4G38550, AT1G21100, AT3G13310, AT3G47570, AT4G37400, AT2G46330	1521	25	23398	7.999316239316239	1.679466676607344E-5	1.399567313120267E-6	1.3444328432094687E-6
GOTERM_BP_DIRECT	GO:0009416~response to light stimulus	126	7.491082045184304	1.3938452722708286E-8	AT2G34510, AT4G08920, AT1G37130, AT1G11380, AT5G62140, AT3G59580, AT3G13062, AT4G34250, AT5G07240, AT1G54820, AT4G14400, AT4G12980, AT1G20090, AT4G38690, AT1G78995, AT4G39780, AT2G29670, AT2G46330, AT3G45290, AT5G41050, AT3G06145, AT5G44680, AT3G29240, AT5G49730, AT4G29110, AT5G49170, AT1G64080, AT2G36420, AT1G67590, AT5G65480, AT1G26761, AT1G75770, AT1G52870, AT4G25835, AT2G20050, AT3G28040, AT1G67920, AT4G26130, AT5G48490, AT4G37540, AT5G56550, AT5G55620, AT1G77960, AT2G27430, AT5G01880, AT3G09390, AT3G12830, AT4G32890, AT5G25840, AT1G61795, AT5G45310, AT4G03600, AT3G51330, AT2G38780, AT4G26140, AT4G00050, AT4G09420, AT4G24240, AT1G78820, AT4G12310, AT4G05070, AT3G20100, AT1G77210, AT2G28630, AT1G14490, AT5G51550, AT2G26695, AT2G47890, AT5G51390, AT5G24910, AT4G26950, AT5G14780, AT1G57980, AT3G60530, AT4G26150, AT5G53500, AT2G36970, AT3G18035, AT5G47900, AT4G35783, AT1G79360, AT1G80920, AT2G34200, AT2G05160, AT1G10020, AT1G15550, AT3G27540, AT3G18050, AT4G10910, AT1G17970, AT1G66180, AT1G02850, AT4G38420, AT1G02610, AT3G11090, AT5G63700, AT1G16490, AT2G01870, AT4G26290, AT2G21180, AT3G52920, AT4G14270, AT2G36430, AT5G03180, AT1G01390, AT4G18220, AT5G28400, AT2G02450, AT1G69900, AT4G16563, AT5G20110, AT5G43450, AT5G44020, AT4G08930, AT3G50560, AT3G19040, AT2G17300, AT1G56720, AT3G26510, AT3G20300, AT4G35290, AT1G78460, AT2G03550, AT5G11090, AT1G01420, AT5G59350	1521	1161	23398	1.6695054763033297	1.839858846952591E-5	1.4152890456903797E-6	1.3595352347995466E-6
GOTERM_BP_DIRECT	GO:0050832~defense response to fungus	129	7.669441141498217	5.9935313682823E-8	AT2G38830, AT5G23210, AT1G25390, AT2G39400, AT4G11130, AT4G36550, AT5G57220, AT3G15760, AT5G58430, AT5G66900, AT3G10190, AT4G22710, AT2G44950, AT3G56400, AT3G04640, AT1G33560, AT1G15110, AT3G29000, AT3G23780, AT2G33710, AT5G53830, AT1G11310, AT1G51940, AT4G11000, AT3G15530, AT5G65920, AT4G11521, AT4G17900, AT3G29250, AT4G35750, AT5G39580, AT1G13540, AT4G22690, AT1G67920, AT5G41100, AT5G52750, AT1G16130, AT1G56510, AT3G25597, AT1G29050, AT5G03380, AT5G02290, AT2G44490, AT1G75380, AT5G41740, AT1G21326, AT1G70090, AT4G19230, AT1G59590, AT1G05675, AT3G12830, AT5G18470, AT1G14880, AT1G56240, AT5G42440, AT5G22690, AT1G59910, AT5G46080, AT3G02800, AT4G24240, AT5G66910, AT5G41750, AT2G26695, AT2G27389, AT4G37310, AT1G63860, AT1G56250, AT1G16110, AT5G54710, AT1G71520, AT4G01090, AT2G38470, AT5G11140, AT1G28330, AT4G39580, AT2G41640, AT4G16860, AT5G37490, AT1G10140, AT1G63750, AT2G04070, AT3G08760, AT1G55450, AT4G23610, AT5G54720, AT1G33760, AT5G46260, AT5G57550, AT3G47820, AT1G27770, AT3G19010, AT5G38210, AT5G47910, AT3G52400, AT4G13340, AT4G02200, AT5G25930, AT1G56150, AT5G40690, AT1G63880, AT3G56410, AT5G64660, AT1G17147, AT2G15890, AT4G38550, AT1G02920, AT2G20960, AT1G27100, AT2G02450, AT2G40095, AT1G03850, AT5G45110, AT5G19240, AT1G64065, AT1G11050, AT5G66675, AT3G19680, AT1G19210, AT5G66790, AT3G26910, AT4G16950, AT1G50590, AT2G20950, AT1G23710, AT5G28630, AT5G11090, AT4G19660, AT5G04720, AT4G12470	1521	1227	23398	1.6173152073095651	7.911148699202286E-5	5.651043861523312E-6	5.428426982129968E-6
GOTERM_BP_DIRECT	GO:0009414~response to water deprivation	125	7.431629013079667	1.492781095229906E-7	AT4G08920, AT3G53400, AT2G39920, AT3G57680, AT1G66890, AT2G38790, AT5G47020, AT2G36770, AT3G15760, AT1G49230, AT5G58430, AT1G02820, AT3G43670, AT4G38690, AT4G22710, AT1G43650, AT3G16857, AT4G13030, AT2G29670, AT4G00990, AT3G04640, AT1G33560, AT3G29000, AT4G28703, AT3G18490, AT4G12735, AT2G36780, AT3G17950, AT1G02930, AT4G37370, AT3G09020, AT4G35750, AT1G03220, AT5G22860, AT4G22690, AT1G67920, AT1G62510, AT3G29670, AT5G61590, AT5G66880, AT2G32030, AT2G47520, AT1G22890, AT2G18050, AT5G06530, AT5G56795, AT2G24600, AT1G22370, AT1G75380, AT5G41740, AT1G75020, AT1G21326, AT4G18422, AT3G09390, AT1G59590, AT3G12830, AT2G04050, AT5G18470, AT1G56240, AT5G45310, AT2G38780, AT1G59910, AT5G46080, AT4G26140, AT3G02800, AT5G11610, AT1G69790, AT5G65700, AT5G41750, AT2G27389, AT1G01620, AT2G38470, AT2G20142, AT5G35750, AT5G65730, AT2G41640, AT4G35783, AT1G62810, AT1G10140, AT1G63750, AT3G03870, AT3G27540, AT2G35930, AT1G33240, AT4G23610, AT5G25140, AT3G18560, AT2G21180, AT4G18990, AT5G38210, AT2G41010, AT5G58120, AT1G53080, AT5G45340, AT2G36950, AT3G08770, AT3G56410, AT5G64660, AT1G75900, AT1G27100, AT2G20720, AT5G35970, AT2G38180, AT5G50130, AT1G21000, AT3G47570, AT2G31945, AT5G01200, AT5G43450, AT2G29130, AT5G19240, AT1G11050, AT5G66675, AT1G19210, AT5G67245, AT5G66790, AT3G20300, AT1G50750, AT5G35560, AT1G50590, AT1G53100, AT1G23710, AT2G26650, AT4G33950, AT5G11090	1521	1198	23398	1.6051023017762454	1.9702770679197457E-4	1.3136473638023171E-5	1.2618976191676803E-5
GOTERM_BP_DIRECT	GO:0009966~regulation of signal transduction	23	1.3674197384066586	2.0040618567681176E-7	AT5G25930, AT5G18130, AT3G08760, AT1G55450, AT5G41100, AT1G11050, AT5G66675, AT1G17970, AT5G47020, AT3G26910, AT2G20142, AT4G37540, AT4G38550, AT5G02290, AT5G66900, AT4G28180, AT1G27770, AT1G27100, AT3G19010, AT3G47210, AT5G38210, AT5G58120, AT2G29970	1521	97	23398	3.6475867070633132	2.64501204947476E-4	1.6523819715785203E-5	1.587288136334518E-5
GOTERM_BP_DIRECT	GO:0010016~shoot system morphogenesis	20	1.1890606420927468	2.1280676906693065E-7	AT3G57830, AT1G32190, AT5G43020, AT1G63430, AT5G23100, AT5G23170, AT1G64080, AT2G30010, AT5G07240, AT4G37560, AT1G28440, AT3G14240, AT3G13690, AT5G51550, AT1G05680, AT3G28040, AT1G69910, AT2G29970, AT5G52280, AT4G31890	1521	75	23398	4.10221345605961	2.808655149895145E-4	1.6523819715785203E-5	1.587288136334518E-5
GOTERM_BP_DIRECT	GO:0071310~cellular response to organic substance	33	1.9619500594530321	3.9317687442151903E-7	AT5G47960, AT1G56250, AT1G56230, AT1G16130, AT2G39400, AT5G47580, AT5G03380, AT5G66800, AT5G41740, AT5G51440, AT4G39580, AT2G46330, AT4G15670, AT5G18470, AT1G32170, AT1G13530, AT5G43450, AT4G25810, AT1G55450, AT4G21510, AT5G54720, AT1G56520, AT1G57850, AT1G70420, AT2G30540, AT4G11000, AT1G02610, AT1G69790, AT1G71970, AT4G11521, AT3G09020, AT2G41890, AT4G35750	1521	186	23398	2.729295242942886	5.188589223545925E-4	2.8832970790911395E-5	2.7697126487027008E-5
GOTERM_BP_DIRECT	GO:0014070~response to organic cyclic compound	47	2.794292508917955	1.3618257952732104E-6	AT4G02200, AT5G41140, AT1G57680, AT4G02540, AT2G38830, AT3G06770, AT3G62630, AT2G38790, AT1G67340, AT1G25390, AT3G05900, AT1G30440, AT2G17550, AT4G09890, AT5G46490, AT2G17230, AT4G36550, AT3G62570, AT2G30930, AT3G47210, AT3G45230, AT4G39780, AT3G12830, AT3G08600, AT1G10020, AT3G08760, AT5G14450, AT3G51330, AT5G25240, AT3G19680, AT1G70420, AT5G46080, AT1G56720, AT5G14730, AT4G02130, AT2G39180, AT1G69160, AT3G17650, AT3G19010, AT3G14240, AT1G23710, AT5G51550, AT3G51710, AT5G19190, AT2G41890, AT1G03220, AT2G46780	1521	336	23398	2.1518307191384114	0.0017959965382925436	9.461105525055988E-5	9.088395307402267E-5
GOTERM_BP_DIRECT	GO:0071446~cellular response to salicylic acid stimulus	14	0.8323424494649228	2.0264891995715794E-6	AT1G11350, AT1G63860, AT3G04640, AT1G59910, AT5G54710, AT1G16110, AT4G01090, AT5G64660, AT4G14400, AT2G20960, AT1G27100, AT2G41640, AT2G40095, AT1G05675	1521	43	23398	5.008516428909989	0.002671393913671549	1.3374828717172425E-4	1.2847941525283814E-4
GOTERM_BP_DIRECT	GO:0006979~response to oxidative stress	69	4.102259215219976	2.413606110663776E-6	AT5G40150, AT5G62140, AT2G38790, AT1G71520, AT4G01090, AT1G25390, AT2G20142, AT1G52200, AT2G18193, AT5G51440, AT1G77660, AT4G39780, AT2G41640, AT2G29670, AT4G30370, AT4G37520, AT1G10140, AT3G04640, AT3G49790, AT5G25620, AT3G08760, AT2G33710, AT4G28703, AT5G26030, AT1G33760, AT1G64360, AT3G15530, AT1G02930, AT3G45640, AT4G37370, AT4G17900, AT1G44970, AT3G29250, AT1G72060, AT5G39580, AT1G03220, AT5G21940, AT5G25930, AT4G22690, AT3G46090, AT1G56150, AT5G40690, AT5G64660, AT1G17147, AT2G32030, AT2G22420, AT5G03380, AT5G56550, AT1G78410, AT1G77640, AT1G27100, AT1G52100, AT3G20370, AT4G33420, AT2G40095, AT1G59590, AT3G12830, AT4G23190, AT1G11050, AT5G66675, AT1G19210, AT1G70420, AT1G59910, AT5G66790, AT1G69790, AT1G23710, AT3G10020, AT2G26695, AT4G35770	1521	586	23398	1.811344252142362	0.003180894113350541	1.517123840988659E-4	1.4573583563436514E-4
GOTERM_BP_DIRECT	GO:0033993~response to lipid	79	4.69678953626635	4.064297917512635E-6	AT2G34510, AT4G02540, AT4G24050, AT3G06770, AT3G62630, AT4G01090, AT1G15900, AT1G25390, AT4G09890, AT5G66900, AT1G24095, AT5G11140, AT1G43650, AT5G59000, AT4G30370, AT4G37520, AT1G10140, AT3G08600, AT1G10020, AT3G52480, AT1G55450, AT5G53830, AT5G25140, AT5G64550, AT3G60940, AT1G64080, AT5G57550, AT4G38420, AT2G39180, AT1G71970, AT4G11521, AT3G14240, AT3G51710, AT5G19190, AT3G13310, AT4G35750, AT2G41890, AT5G50160, AT2G46780, AT4G13340, AT5G47960, AT4G22690, AT5G41140, AT5G40690, AT1G56230, AT3G53540, AT3G05900, AT1G30440, AT2G17550, AT1G29050, AT3G23730, AT1G75900, AT2G32030, AT2G17230, AT3G62570, AT5G03380, AT1G52342, AT1G52100, AT2G30930, AT3G45230, AT4G30430, AT2G02450, AT3G47570, AT1G21326, AT1G70090, AT2G40095, AT1G59590, AT3G09035, AT3G19680, AT1G70420, AT1G56720, AT3G26510, AT1G10000, AT5G11610, AT1G69160, AT2G26695, AT2G03550, AT1G69910, AT4G37310	1521	712	23398	1.7068549667944655	0.005350518863280529	2.4385787505075808E-4	2.3425135270027365E-4
GOTERM_BP_DIRECT	GO:0002237~response to molecule of bacterial origin	26	1.5457788347205708	7.722870925817818E-6	AT5G25930, AT5G26920, AT1G63860, AT5G41100, AT5G52750, AT1G16130, AT5G64660, AT4G38550, AT2G20960, AT1G27100, AT5G41740, AT4G39580, AT1G59590, AT1G62810, AT5G18470, AT1G63750, AT5G42440, AT3G29000, AT1G55450, AT4G23610, AT5G54720, AT1G33760, AT4G11000, AT3G19010, AT1G23710, AT5G41750	1521	146	23398	2.739491862779534	0.010142443952986469	4.432256357425878E-4	4.2576523191030404E-4
GOTERM_BP_DIRECT	GO:0044248~cellular catabolic process	52	3.0915576694411415	1.7228973258939835E-5	AT1G11380, AT3G57680, AT1G66890, AT5G23050, AT1G25390, AT5G47020, AT2G39400, AT3G45730, AT1G54740, AT1G01490, AT1G14380, AT1G20650, AT1G79360, AT3G45290, AT3G49790, AT3G03870, AT5G18130, AT3G29240, AT4G01600, AT3G08760, AT1G67510, AT1G56220, AT5G10946, AT4G21510, AT5G15860, AT5G64550, AT5G47590, AT1G02610, AT3G18560, AT1G23050, AT4G17900, AT4G12690, AT2G36950, AT5G44410, AT3G25597, AT4G38550, AT1G52342, AT1G22370, AT2G38180, AT5G01880, AT1G21000, AT5G01200, AT2G28120, AT1G58180, AT3G09390, AT5G45310, AT4G26140, AT3G26510, AT5G56240, AT5G11090, AT1G69910, AT5G24910	1521	425	23398	1.8821920563097034	0.02248578068717555	9.47593529241691E-4	9.102640871806547E-4
GOTERM_BP_DIRECT	GO:0097305~response to alcohol	24	1.426872770511296	2.1628829602052226E-5	AT4G22690, AT1G10140, AT5G19240, AT5G18130, AT5G41100, AT5G25210, AT1G66890, AT1G19210, AT3G26510, AT5G14730, AT1G17147, AT3G15530, AT4G37030, AT1G27770, AT5G35560, AT4G38690, AT3G13310, AT1G21326, AT5G11090, AT5G01200, AT5G50160, AT2G40095, AT1G59590, AT4G37520	1521	136	23398	2.7147000812159185	0.02814665334451083	0.0011420022029883575	0.0010970142374160888
GOTERM_BP_DIRECT	GO:0071407~cellular response to organic cyclic compound	19	1.1296076099881094	2.613521831831218E-5	AT5G25930, AT5G20110, AT5G42440, AT3G29000, AT3G56410, AT5G66675, AT1G17430, AT1G71520, AT4G12735, AT1G17147, AT2G32030, AT2G20142, AT3G47820, AT5G66910, AT4G17900, AT3G47570, AT2G46780, AT2G46330, AT1G59590	1521	93	23398	3.1428248252069593	0.033910635293969094	0.0013268649300066182	0.001274594493369994
GOTERM_BP_DIRECT	GO:0009873~ethylene-activated signaling pathway	30	1.78359096313912	3.063788266218535E-5	AT1G12890, AT3G23230, AT5G61590, AT1G28360, AT1G71520, AT1G74930, AT5G25390, AT5G25190, AT2G47520, AT5G07580, AT1G77640, AT1G72430, AT4G39780, AT3G56400, AT2G31230, AT1G21910, AT4G17490, AT1G06160, AT1G68840, AT3G23240, AT3G54320, AT2G33710, AT1G19210, AT1G33760, AT5G47230, AT5G51190, AT5G59430, AT1G71450, AT1G52570, AT1G36060	1521	197	23398	2.3426345878513	0.039635735838771335	0.0014978520412623948	0.0014388457487278157
GOTERM_BP_DIRECT	GO:0010167~response to nitrate	10	0.5945303210463734	3.232124089631306E-5	AT4G15700, AT1G20640, AT3G62950, AT3G60320, AT4G15690, AT4G26150, AT1G03020, AT4G15660, AT3G48360, AT4G15680	1521	27	23398	5.697518688971681	0.0417673947185474	0.0015237156422547586	0.0014636904805901772
GOTERM_BP_DIRECT	GO:0010073~meristem maintenance	21	1.2485136741973841	4.247428876066498E-5	AT2G37930, AT1G32190, AT5G19740, AT1G67510, AT5G23100, AT1G18650, AT2G37460, AT1G71400, AT3G51290, AT3G17840, AT4G37560, AT1G50750, AT3G48970, AT4G32980, AT4G36920, AT3G11000, AT2G43200, AT2G41990, AT4G31890, AT4G37310, AT3G12830	1521	114	23398	2.833765874251704	0.05452445125672878	0.001933312453933716	0.0018571516602939031
GOTERM_BP_DIRECT	GO:0009617~response to bacterium	41	2.4375743162901307	5.0937555857216176E-5	AT5G26920, AT1G73805, AT3G29670, AT5G23210, AT2G36970, AT5G57220, AT4G14400, AT1G22890, AT2G44490, AT5G07820, AT1G03230, AT2G03440, AT1G21000, AT1G76890, AT4G30370, AT2G46450, AT4G18760, AT4G00990, AT3G56400, AT3G23160, AT2G33830, AT3G27540, AT5G44585, AT3G51330, AT3G28910, AT5G49450, AT1G33760, AT5G66790, AT1G03620, AT4G38420, AT5G56240, AT2G46400, AT3G15530, AT3G45640, AT4G23810, AT1G18570, AT1G78460, AT4G35750, AT4G19660, AT2G46440, AT4G37310	1521	319	23398	1.9771640089942477	0.065028551242993	0.002241252457717512	0.00215296069423167
GOTERM_BP_DIRECT	GO:0051128~regulation of cellular component organization	10	0.5945303210463734	8.262206286178374E-5	AT3G57830, AT3G17840, AT1G38131, AT1G67510, AT4G36180, AT1G63430, AT3G11590, AT1G70420, AT2G16250, AT5G52280	1521	30	23398	5.127766820074513	0.10332843178026407	0.003491135523345244	0.0033536059421225527
GOTERM_BP_DIRECT	GO:0007166~cell surface receptor signaling pathway	14	0.8323424494649228	8.46335884447332E-5	AT3G25490, AT5G45840, AT3G57730, AT1G16130, AT1G16110, AT5G66200, AT3G57770, AT1G67470, AT5G66790, AT1G16150, AT2G28830, AT1G79670, AT1G69910, AT5G04720	1521	59	23398	3.6502746854767714	0.10570632702577976	0.003491135523345244	0.0033536059421225527
GOTERM_BP_DIRECT	GO:0009888~tissue development	76	4.5184304399524375	9.757913841262114E-5	AT1G55360, AT3G06770, AT3G62630, AT1G27690, AT5G23170, AT5G12950, AT3G18035, AT4G12980, AT1G46480, AT4G28180, AT1G24095, AT1G79760, AT1G14380, AT1G04360, AT1G03230, AT1G79360, AT5G40910, AT4G30130, AT3G08600, AT5G22310, AT2G05160, AT1G79060, AT1G67910, AT1G38131, AT1G68400, AT1G34010, AT4G29030, AT3G26932, AT5G48480, AT4G29310, AT5G60710, AT5G12440, AT1G71970, AT3G14240, AT5G03130, AT2G21185, AT3G45160, AT3G46370, AT5G41140, AT3G26760, AT4G00940, AT1G02290, AT3G01940, AT3G59120, AT1G30440, AT2G30010, AT3G01860, AT3G62570, AT5G66800, AT2G05920, AT5G50130, AT5G07820, AT1G35180, AT2G29970, AT5G25840, AT4G00695, AT1G61350, AT5G51750, AT5G23980, AT5G23100, AT4G37080, AT5G66310, AT1G56720, AT4G26140, AT4G22540, AT4G02075, AT1G12500, AT1G75710, AT5G66910, AT4G36180, AT3G13690, AT5G51550, AT4G35930, AT5G51670, AT2G26695, AT3G15115	1521	743	23398	1.573527368744265	0.12085967062854597	0.003885831689901464	0.003732753471814437
GOTERM_BP_DIRECT	GO:0009642~response to light intensity	32	1.9024970273483945	1.0008960413382559E-4	AT4G01330, AT3G29670, AT1G66890, AT3G05900, AT4G37560, AT3G45730, AT1G54740, AT5G64840, AT5G35970, AT1G20650, AT4G29905, AT1G58180, AT1G79060, AT3G49790, AT4G04630, AT5G43450, AT1G56220, AT4G03600, AT5G47610, AT3G61750, AT1G72820, AT1G29460, AT5G25140, AT4G22540, AT4G27450, AT3G26932, AT2G45850, AT1G71970, AT1G23050, AT5G19190, AT5G02860, AT3G13750	1521	231	23398	2.1310199771738234	0.1237684440776955	0.003885831689901464	0.003732753471814437
GOTERM_BP_DIRECT	GO:0048589~developmental growth	63	3.745541022592152	1.2799137639867442E-4	AT3G62630, AT5G53500, AT4G01090, AT5G12950, AT2G18193, AT5G53460, AT1G24095, AT5G56530, AT2G48030, AT3G62390, AT5G37490, AT5G49215, AT3G08600, AT5G22310, AT2G05160, AT1G79060, AT1G67910, AT1G10020, AT1G38131, AT1G63430, AT5G43310, AT4G29110, AT3G59110, AT4G02130, AT2G39180, AT5G58520, AT5G08580, AT1G75770, AT3G29250, AT3G28040, AT3G46370, AT5G25930, AT1G57680, AT5G40690, AT5G66200, AT3G59120, AT3G05900, AT3G25597, AT2G17550, AT3G62570, AT2G20960, AT1G52342, AT2G05920, AT2G30930, AT5G07820, AT1G70090, AT1G15410, AT5G44020, AT1G61350, AT5G23980, AT5G54148, AT5G66310, AT1G17430, AT1G56720, AT4G26140, AT2G17300, AT4G02075, AT1G12500, AT2G16250, AT1G69160, AT3G13690, AT1G78460, AT5G51670	1521	590	23398	1.6426236084645474	0.15545683398316823	0.004827103338464292	0.004636944722100547
GOTERM_BP_DIRECT	GO:1901701~cellular response to oxygen-containing compound	54	3.2104637336504163	1.3851028033868117E-4	AT1G56250, AT2G38790, AT1G67340, AT1G71520, AT5G47020, AT4G09890, AT4G36550, AT5G65610, AT2G48030, AT4G39580, AT2G46330, AT1G63750, AT3G03870, AT3G08760, AT3G29000, AT1G55450, AT4G21510, AT4G12735, AT1G17970, AT5G57550, AT4G11000, AT3G47820, AT1G27770, AT3G19010, AT4G37370, AT4G11521, AT5G38210, AT3G09020, AT2G41890, AT2G46780, AT5G58120, AT5G25930, AT4G02200, AT1G56230, AT3G56410, AT1G16130, AT1G34200, AT1G17147, AT2G32030, AT5G56795, AT2G24600, AT3G47210, AT3G47570, AT1G59590, AT4G15670, AT5G43450, AT5G42440, AT5G22690, AT5G66675, AT1G56520, AT3G02800, AT1G69160, AT1G69790, AT5G66910	1521	484	23398	1.7163186463885765	0.1671037824736259	0.005078710279084976	0.004878639874151326
GOTERM_BP_DIRECT	GO:0009737~response to abscisic acid	99	5.885850178359096	1.5667075840321005E-4	AT1G35230, AT2G38790, AT5G47020, AT2G36770, AT3G15760, AT3G43670, AT4G22710, AT4G13030, AT2G29670, AT5G52050, AT5G46220, AT3G04640, AT3G29000, AT4G28703, AT3G18490, AT4G12735, AT2G36780, AT1G51940, AT2G15020, AT3G63210, AT4G37370, AT4G17900, AT3G09020, AT1G03220, AT2G26190, AT1G13540, AT1G67920, AT3G29670, AT1G16130, AT3G25597, AT5G66880, AT1G22250, AT5G56795, AT2G24600, AT5G41740, AT2G26980, AT5G02970, AT2G02370, AT4G18422, AT1G05675, AT5G18470, AT5G46080, AT4G26140, AT3G02800, AT4G24240, AT1G69790, AT4G10890, AT2G23460, AT4G01010, AT1G56250, AT1G71520, AT4G14605, AT2G20142, AT5G35750, AT4G39580, AT2G41640, AT4G35783, AT2G01180, AT3G48360, AT1G62810, AT1G63750, AT3G03870, AT3G08760, AT4G23610, AT5G54720, AT2G32020, AT1G02610, AT3G19010, AT4G26290, AT2G21180, AT4G18990, AT5G58120, AT1G53080, AT5G25930, AT4G00940, AT3G56410, AT5G64660, AT5G35732, AT2G23430, AT1G27100, AT3G47210, AT1G21000, AT1G05630, AT5G48500, AT5G43450, AT1G64065, AT4G25810, AT1G11050, AT5G27420, AT5G66675, AT5G67245, AT5G12900, AT5G66790, AT3G20300, AT1G50750, AT1G50590, AT1G23710, AT2G47050, AT4G33950	1521	1045	23398	1.4573653067580192	0.18683529677851263	0.005589335164655061	0.005369149233926226
GOTERM_BP_DIRECT	GO:0010411~xyloglucan metabolic process	12	0.713436385255648	1.6596611083418656E-4	AT1G32170, AT5G57550, AT5G57560, AT4G03210, AT2G01850, AT2G06850, AT4G25810, AT5G65730, AT4G18990, AT4G14130, AT1G10550, AT3G23730	1521	47	23398	3.927651181333669	0.19675334702463676	0.0056522934443868885	0.00542962733900195
GOTERM_BP_DIRECT	GO:0009639~response to red or far red light	27	1.6052318668252081	1.6699957903870352E-4	AT5G45340, AT5G41780, AT4G24050, AT1G66890, AT3G05900, AT2G33360, AT4G25560, AT3G43850, AT1G52342, AT5G64840, AT5G35970, AT4G19230, AT5G22310, AT1G79060, AT1G15550, AT2G29090, AT5G47610, AT2G33710, AT1G29460, AT3G61850, AT1G70420, AT1G69160, AT3G47820, AT1G73630, AT5G51670, AT5G50160, AT3G15115	1521	185	23398	2.2451303374380296	0.19784855359606446	0.0056522934443868885	0.00542962733900195
GOTERM_BP_DIRECT	GO:0010565~regulation of cellular ketone metabolic process	12	0.713436385255648	2.0278934658491692E-4	AT4G38550, AT4G11000, AT3G04640, AT5G19240, AT5G42440, AT1G27100, AT1G23710, AT5G66675, AT1G59910, AT5G54710, AT2G41640, AT2G32030	1521	48	23398	3.8458251150558844	0.23486966160759615	0.0066920484373022586	0.006428422286741866
GOTERM_BP_DIRECT	GO:0009620~response to fungus	35	2.080856123662307	3.083914806648872E-4	AT5G26920, AT1G56150, AT2G36950, AT3G29670, AT5G66200, AT1G15900, AT2G36970, AT2G30230, AT5G07820, AT1G21000, AT2G02450, AT5G62900, AT2G46450, AT5G56250, AT2G46330, AT3G45290, AT3G27540, AT3G54000, AT3G51330, AT4G28703, AT5G14730, AT1G11310, AT5G47590, AT1G69790, AT3G18560, AT3G19010, AT4G17900, AT3G10120, AT1G79670, AT1G43640, AT1G03220, AT4G15760, AT4G19660, AT2G46440, AT4G12690	1521	279	23398	1.9298047172323436	0.33444868513683934	0.009928701328723198	0.00953757067031895
GOTERM_BP_DIRECT	GO:0010035~response to inorganic substance	55	3.2699167657550534	3.914135738032053E-4	AT1G63860, AT2G36410, AT1G56250, AT1G67340, AT5G54710, AT1G25390, AT2G39400, AT4G36550, AT4G18205, AT5G11140, AT5G65610, AT4G33960, AT4G39580, AT4G37520, AT5G37490, AT5G49215, AT1G14340, AT4G01600, AT3G08760, AT1G55450, AT2G33710, AT5G54720, AT5G53830, AT1G02850, AT1G02610, AT4G11000, AT3G15530, AT4G17900, AT4G19880, AT5G25930, AT5G41100, AT5G52750, AT5G25210, AT1G16130, AT1G17147, AT4G38550, AT5G02290, AT1G52342, AT1G52100, AT3G20370, AT2G28120, AT2G40095, AT1G05675, AT1G14880, AT5G42440, AT1G64065, AT4G25810, AT5G47610, AT3G26510, AT5G12900, AT4G24240, AT3G26910, AT4G37030, AT1G78460, AT2G26695	1521	517	23398	1.6365213255556954	0.4035542917916086	0.012301569462386452	0.011816962180534865
GOTERM_BP_DIRECT	GO:0009266~response to temperature stimulus	40	2.3781212841854935	7.52646211951019E-4	AT5G25930, AT4G02200, AT3G29670, AT4G00940, AT5G25210, AT4G01090, AT5G64660, AT1G17147, AT1G72910, AT2G36770, AT2G17230, AT5G03180, AT4G36550, AT5G12950, AT3G18035, AT4G38550, AT2G22540, AT1G77640, AT4G33960, AT2G25770, AT2G02450, AT3G09390, AT4G16563, AT2G25790, AT5G19240, AT3G08760, AT4G24700, AT1G18265, AT3G23880, AT1G70420, AT5G23480, AT2G17300, AT3G02800, AT1G67470, AT5G48480, AT4G12310, AT4G20820, AT1G28660, AT4G17900, AT1G21550	1521	351	23398	1.753082673529748	0.6298574442918057	0.02310448836686849	0.022194311552416093
GOTERM_BP_DIRECT	GO:0001666~response to hypoxia	20	1.1890606420927468	0.0010735581583787546	AT1G10140, AT1G35140, AT4G26520, AT5G40690, AT3G08760, AT3G28910, AT3G19680, AT5G46080, AT1G17147, AT4G27450, AT3G26910, AT1G54740, AT2G20960, AT3G20395, AT5G50130, AT4G18990, AT3G13310, AT5G11090, AT2G31945, AT1G03220	1521	134	23398	2.2960149940632144	0.7577676723650465	0.03220674475136264	0.03093799420055138
GOTERM_BP_DIRECT	GO:0006970~response to osmotic stress	45	2.67538644470868	0.0014660078812179622	AT4G02200, AT1G67920, AT1G56250, AT5G40690, AT3G29670, AT5G52750, AT1G16130, AT1G67340, AT5G54710, AT1G16110, AT1G71520, AT4G01090, AT4G14605, AT2G38470, AT5G66880, AT1G75900, AT2G22660, AT1G01590, AT2G38180, AT5G35750, AT5G35970, AT4G39580, AT1G21326, AT2G41560, AT2G29670, AT2G40095, AT1G59590, AT1G05675, AT3G12830, AT5G18470, AT3G56400, AT3G03870, AT3G04640, AT5G43450, AT5G22690, AT3G08760, AT4G28703, AT5G49450, AT4G12735, AT3G26910, AT3G45640, AT2G21180, AT4G33950, AT2G41010, AT1G03220	1521	424	23398	1.6326616054482526	0.8557994513363535	0.04300289784906022	0.04130884429743058
GOTERM_BP_DIRECT	GO:0045893~positive regulation of transcription, DNA-templated	38	2.2592152199762188	0.0016319130233512131	AT2G02080, AT1G66810, AT5G24120, AT4G35900, AT1G27370, AT3G60530, AT5G61590, AT5G66320, AT4G25560, AT2G47520, AT3G45730, AT1G69780, AT4G18880, AT1G21000, AT3G54810, AT2G45660, AT4G32890, AT2G02070, AT1G21910, AT3G05690, AT5G25240, AT1G29460, AT5G49450, AT1G70420, AT1G56720, AT5G44160, AT5G47230, AT4G29310, AT3G20300, AT4G34680, AT2G42380, AT1G49720, AT1G16490, AT4G23810, AT3G45260, AT3G20080, AT4G39410, AT1G75390	1521	342	23398	1.7092556066915041	0.884199312614488	0.04682880849616525	0.044984037252376916
GOTERM_BP_DIRECT	GO:0009638~phototropism	8	0.47562425683709864	0.001699805044846722	AT3G44610, AT4G26610, AT4G08920, AT2G02950, AT2G30520, AT5G03640, AT5G64330, AT5G04190	1521	28	23398	4.395228702921011	0.8941414791636222	0.047739205514844105	0.04585857014607752
GOTERM_BP_DIRECT	GO:0071396~cellular response to lipid	36	2.140309155766944	0.0017736800875823267	AT5G25930, AT4G02200, AT1G63860, AT1G67920, AT3G56410, AT2G38790, AT5G66200, AT1G67340, AT5G54710, AT1G16110, AT5G64660, AT1G34200, AT1G17147, AT4G36550, AT5G02290, AT5G35732, AT2G20960, AT5G56795, AT2G05920, AT5G65610, AT3G47210, AT2G46330, AT1G63750, AT5G19240, AT5G42440, AT5G22690, AT3G08760, AT5G66675, AT1G17970, AT3G02800, AT3G26910, AT3G47820, AT1G27770, AT3G19010, AT5G38210, AT2G46780	1521	320	23398	1.730621301775148	0.9039932228916343	0.04816175409301996	0.04626447287117372
GOTERM_BP_DIRECT	GO:0009627~systemic acquired resistance	17	1.0107015457788349	0.00178782268981665	AT5G18470, AT5G45110, AT4G23170, AT5G48485, AT5G52750, AT1G16130, AT3G18490, AT4G23610, AT2G38470, AT5G48490, AT4G11000, AT1G29660, AT5G41740, AT2G41640, AT5G05960, AT4G19660, AT4G12470	1521	109	23398	2.399230347007341	0.905772012364076	0.04816175409301996	0.04626447287117372
GOTERM_BP_DIRECT	GO:0010114~response to red light	15	0.89179548156956	0.0023930173889468937	AT1G15550, AT4G08920, AT2G29090, AT5G24120, AT2G33710, AT3G61750, AT3G23880, AT5G15860, AT4G26150, AT2G40080, AT5G56550, AT2G02950, AT1G28660, AT4G36930, AT2G47890	1521	92	23398	2.508146814166881	0.9576830898274986	0.06317565906819798	0.06068692098369322
GOTERM_BP_DIRECT	GO:0030154~cell differentiation	72	4.280618311533888	0.0025210368079351675	AT3G60530, AT2G30432, AT5G53500, AT3G22104, AT3G26700, AT1G22030, AT5G12950, AT2G18193, AT4G28180, AT1G54740, AT4G38690, AT2G48030, AT1G04360, AT3G54810, AT4G18960, AT5G22310, AT1G79060, AT1G67910, AT1G10020, AT5G18690, AT1G67510, AT1G63430, AT1G68400, AT3G61310, AT4G29030, AT5G58520, AT4G36920, AT3G29250, AT3G28040, AT2G46780, AT5G60910, AT4G12690, AT5G41140, AT5G41780, AT5G40690, AT4G18390, AT5G62165, AT5G66320, AT3G05900, AT3G25597, AT2G17550, AT3G02310, AT2G41905, AT4G37100, AT3G62570, AT2G22540, AT5G55620, AT2G30930, AT1G28670, AT5G07820, AT1G70090, AT2G45660, AT4G32890, AT5G44020, AT2G33810, AT1G61350, AT1G17430, AT2G30420, AT1G56720, AT2G17300, AT2G31070, AT2G16250, AT1G71030, AT4G34680, AT3G20300, AT5G65700, AT2G30424, AT1G28440, AT3G11590, AT5G60970, AT1G78460, AT4G37750	1521	780	23398	1.4199969655590956	0.9642773509216859	0.06421878857587304	0.0616889575107629
GOTERM_BP_DIRECT	GO:0071695~anatomical structure maturation	18	1.070154577883472	0.0025298310651101505	AT1G32170, AT5G22310, AT1G10020, AT1G61350, AT2G33710, AT1G17430, AT4G03070, AT4G26140, AT4G02130, AT1G12500, AT3G22104, AT3G26700, AT5G03180, AT4G38690, AT2G48030, AT3G28040, AT1G70090, AT2G46780	1521	123	23398	2.2512147014961275	0.9646906745680309	0.06421878857587304	0.0616889575107629
GOTERM_BP_DIRECT	GO:0009314~response to radiation	15	0.89179548156956	0.0026523366779795604	AT5G45960, AT4G27900, AT1G67750, AT1G18650, AT4G03070, AT4G21970, AT3G52070, AT4G09890, AT3G18773, AT1G01430, AT2G42190, AT1G77580, AT1G76890, AT2G25200, AT2G21185	1521	93	23398	2.4811774935844415	0.9699753229922279	0.06605819650817019	0.06345590391845439
GOTERM_BP_DIRECT	GO:0010015~root morphogenesis	39	2.318668252080856	0.0032184899461379203	AT5G40690, AT5G53500, AT3G59120, AT3G05900, AT2G17550, AT1G52800, AT2G18193, AT1G24095, AT2G30930, AT2G01420, AT1G28670, AT2G48030, AT5G07820, AT1G04360, AT1G03230, AT1G70090, AT3G62390, AT5G52050, AT3G08600, AT5G22310, AT2G05160, AT1G67910, AT1G10020, AT5G44020, AT5G23980, AT1G61350, AT2G33710, AT1G17430, AT4G26140, AT4G02130, AT4G02075, AT1G12500, AT5G51670, AT3G29250, AT3G28040, AT2G46780, AT3G46370, AT3G15115, AT4G12690	1521	368	23398	1.6302954292084726	0.9858105728821122	0.07867419868337137	0.0755749120685719
GOTERM_BP_DIRECT	GO:0090693~plant organ senescence	10	0.5945303210463734	0.003369011439872131	AT1G02850, AT1G33060, AT1G14880, AT5G35560, AT4G26150, AT1G21000, AT5G64550, AT1G03220, AT2G36670, AT3G26910	1521	48	23398	3.2048542625465704	0.9883750674024934	0.08085627455693115	0.07767102737741567
GOTERM_BP_DIRECT	GO:1901615~organic hydroxy compound metabolic process	8	0.47562425683709864	0.003848821849793742	AT4G38550, AT4G11000, AT5G19240, AT2G36950, AT5G42440, AT1G63430, AT5G54710, AT2G32030	1521	32	23398	3.8458251150558844	0.9938435001198177	0.09072222931656679	0.08714832331318687
GOTERM_BP_DIRECT	GO:0031326~regulation of cellular biosynthetic process	24	1.426872770511296	0.004101176047579777	AT5G43040, AT3G04640, AT1G67510, AT3G08760, AT4G00940, AT1G61350, AT1G18000, AT4G29110, AT1G17990, AT2G37460, AT5G66200, AT4G08555, AT3G26510, AT2G17230, AT1G72900, AT3G44120, AT4G22710, AT5G41740, AT1G14380, AT5G41761, AT5G28400, AT4G14270, AT5G58120, AT4G37310	1521	195	23398	1.8933292874121277	0.99559354070737	0.09333711004836732	0.0896601935919165
GOTERM_BP_DIRECT	GO:0048507~meristem development	24	1.426872770511296	0.004101176047579777	AT3G30300, AT3G54720, AT1G63430, AT5G43310, AT4G28703, AT5G53830, AT5G64550, AT5G63780, AT1G64080, AT1G65380, AT5G47590, AT4G37100, AT3G11090, AT2G45850, AT5G56530, AT1G28440, AT5G01030, AT5G50130, AT5G51550, AT2G41510, AT3G51950, AT2G41890, AT3G28040, AT1G69910	1521	195	23398	1.8933292874121277	0.99559354070737	0.09333711004836732	0.0896601935919165
GOTERM_BP_DIRECT	GO:0009637~response to blue light	18	1.070154577883472	0.00451968877315586	AT1G79060, AT4G08920, AT5G41780, AT5G24120, AT4G18390, AT4G24700, AT2G33710, AT1G33102, AT3G05900, AT4G00050, AT5G66900, AT5G35560, AT5G35970, AT1G05630, AT4G18422, AT2G47890, AT3G15115, AT1G53090	1521	130	23398	2.1299954483386436	0.9974699397176658	0.10111846068755483	0.09713500617562085
GOTERM_BP_DIRECT	GO:0042546~cell wall biogenesis	21	1.2485136741973841	0.0049179353484989	AT1G32170, AT5G49215, AT4G03210, AT2G06850, AT3G06770, AT4G25810, AT1G63430, AT5G66310, AT3G23730, AT1G10550, AT4G09890, AT4G29310, AT2G39180, AT5G57550, AT5G57560, AT2G15390, AT2G01850, AT3G13690, AT5G65730, AT4G18990, AT4G14130	1521	164	23398	1.9698128638091112	0.9985080779263665	0.1081945776669758	0.10393236703161009
GOTERM_BP_DIRECT	GO:0010315~auxin efflux	6	0.356718192627824	0.006202870993259077	AT3G62150, AT1G75500, AT2G01420, AT1G23080, AT1G73590, AT2G47000	1521	19	23398	4.857884355860064	0.9997289721876559	0.13422606083773742	0.12893836753200835
GOTERM_BP_DIRECT	GO:0046777~protein autophosphorylation	23	1.3674197384066586	0.007329951568444494	AT1G11350, AT4G02630, AT4G23150, AT4G23160, AT4G08920, AT3G57530, AT5G24010, AT1G16130, AT1G70530, AT3G59110, AT1G56720, AT5G66210, AT3G61160, AT5G59700, AT3G13690, AT5G38210, AT2G03890, AT3G50530, AT4G33950, AT4G32300, AT2G02780, AT4G39110, AT2G41140	1521	193	23398	1.8332430600266394	0.9999393972882169	0.15605703339268923	0.14990933207721965
GOTERM_BP_DIRECT	GO:0010218~response to far red light	10	0.5945303210463734	0.008508897094742954	AT3G57830, AT5G56550, AT4G08920, AT2G02950, AT5G24120, AT3G61750, AT4G00050, AT4G14130, AT2G47890, AT5G04190	1521	55	23398	2.7969637200406434	0.9999873746246029	0.1782816534136619	0.1712584367640328
GOTERM_BP_DIRECT	GO:0009409~response to cold	55	3.2699167657550534	0.008668794307845139	AT5G14780, AT3G62630, AT5G62140, AT2G38470, AT1G54820, AT1G49230, AT4G38690, AT1G78995, AT2G03440, AT2G41640, AT4G16860, AT3G48360, AT2G01180, AT2G29670, AT3G08720, AT3G04640, AT3G29000, AT3G18050, AT5G54720, AT4G29030, AT1G33760, AT5G47230, AT2G39180, AT3G15530, AT3G45640, AT1G27770, AT1G53080, AT4G13340, AT5G67450, AT5G41100, AT5G66200, AT3G18850, AT5G57560, AT1G22890, AT1G27100, AT2G40970, AT5G41740, AT4G18220, AT4G36930, AT1G75020, AT2G45660, AT3G12830, AT1G64065, AT5G47610, AT1G11050, AT5G66675, AT3G19680, AT1G19210, AT1G59910, AT4G21970, AT1G01060, AT1G23710, AT5G41750, AT2G42200, AT2G41990	1521	597	23398	1.4172219854477295	0.9999897956317975	0.17879388259930598	0.17175048722418182
GOTERM_BP_DIRECT	GO:0009651~response to salt stress	59	3.507728894173603	0.008992147169337078	AT3G55980, AT3G57680, AT2G38790, AT4G01090, AT4G14605, AT2G38470, AT5G47020, AT4G36550, AT1G02820, AT2G18193, AT5G35750, AT2G03440, AT2G41640, AT4G13030, AT2G41560, AT3G48360, AT3G08720, AT5G18130, AT3G57530, AT3G29000, AT4G23610, AT5G49450, AT2G15390, AT3G18560, AT1G27770, AT3G19010, AT4G37370, AT2G38170, AT1G51460, AT2G41010, AT4G35750, AT1G53080, AT2G26190, AT2G36950, AT5G64660, AT5G66880, AT1G17147, AT1G22890, AT2G44490, AT1G27100, AT2G24600, AT5G41740, AT2G45180, AT1G21000, AT5G37670, AT4G18422, AT5G19240, AT1G64065, AT1G59910, AT5G46080, AT5G67480, AT3G20300, AT2G44460, AT1G23710, AT5G41750, AT2G26650, AT2G27389, AT4G33950, AT5G11090	1521	651	23398	1.3941854487760195	0.9999933661359258	0.18193816443147873	0.17477090340842047
GOTERM_BP_DIRECT	GO:0016567~protein ubiquitination	59	3.507728894173603	0.009330903507279987	AT1G67340, AT2G36370, AT3G22104, AT2G13690, AT3G61060, AT4G36550, AT1G49230, AT4G14400, AT4G15975, AT1G04360, AT3G18710, AT3G48360, AT4G30370, AT3G11840, AT5G37490, AT1G33480, AT3G06140, AT2G35930, AT5G18650, AT4G21510, AT2G30520, AT3G19380, AT5G67385, AT5G44280, AT1G02610, AT3G19850, AT1G49780, AT5G65920, AT4G28270, AT3G15570, AT3G07360, AT4G33970, AT1G26800, AT4G11360, AT1G57680, AT3G54790, AT5G64660, AT1G30440, AT3G18773, AT3G44820, AT1G75380, AT5G01880, AT5G47800, AT5G45110, AT1G14200, AT5G67440, AT5G47610, AT5G27420, AT3G49810, AT5G64330, AT4G02075, AT5G67480, AT1G24440, AT1G53025, AT4G37590, AT1G23030, AT3G11110, AT4G17245, AT4G19660	1521	652	23398	1.3920471275355657	0.9999957755268735	0.18193816443147873	0.17477090340842047
GOTERM_BP_DIRECT	GO:0019752~carboxylic acid metabolic process	24	1.426872770511296	0.009376832664834646	AT5G25930, AT3G29240, AT5G45310, AT1G11380, AT1G66890, AT5G47020, AT3G43850, AT3G45730, AT1G02610, AT1G54740, AT3G44120, AT1G23050, AT1G77210, AT4G26290, AT2G28630, AT5G51550, AT3G13750, AT3G13310, AT2G20050, AT1G03220, AT4G35783, AT1G70090, AT1G79360, AT5G24910	1521	209	23398	1.7665034021309325	0.9999960263080908	0.18193816443147873	0.17477090340842047
GOTERM_BP_DIRECT	GO:0010087~phloem or xylem histogenesis	13	0.7728894173602854	0.009503026317454042	AT4G17490, AT5G19530, AT5G43870, AT1G67340, AT1G74930, AT4G24670, AT2G18570, AT1G46480, AT4G14740, AT2G01850, AT1G70560, AT5G35750, AT1G05630	1521	86	23398	2.3253826277082092	0.9999966413720401	0.18193816443147873	0.17477090340842047
GOTERM_BP_DIRECT	GO:0048827~phyllome development	17	1.0107015457788349	0.009510404049827297	AT1G63750, AT5G41140, AT1G56250, AT1G56240, AT1G63430, AT5G23100, AT5G52750, AT1G67040, AT5G47590, AT2G43680, AT5G07240, AT5G60710, AT5G65920, AT1G49840, AT2G27389, AT3G28040, AT5G52280	1521	129	23398	2.0272566497969002	0.9999966742325224	0.18193816443147873	0.17477090340842047
GOTERM_BP_DIRECT	GO:0009606~tropism	9	0.535077288941736	0.010121765808543693	AT1G01430, AT5G49215, AT5G22310, AT3G44820, AT1G79760, AT3G18050, AT5G19190, AT1G67590, AT3G26932	1521	47	23398	2.9457383860002513	0.9999985278810365	0.1908675838182525	0.1833485577890486
GOTERM_BP_DIRECT	GO:0009057~macromolecule catabolic process	8	0.47562425683709864	0.010280848840365436	AT3G18850, AT1G76990, AT1G67510, AT3G56410, AT5G64550, AT1G69910, AT5G19160, AT3G22104	1521	38	23398	3.2385895705733767	0.9999988092909314	0.19113690801806163	0.18360727224765314
GOTERM_BP_DIRECT	GO:0050793~regulation of developmental process	43	2.5564803804994054	0.010769504256598377	AT3G30300, AT5G41140, AT2G34510, AT1G57680, AT3G07540, AT4G37290, AT1G27690, AT5G23170, AT5G66200, AT1G67340, AT1G30440, AT5G47020, AT3G44820, AT5G12950, AT3G18035, AT3G62570, AT4G37560, AT1G72850, AT5G28400, AT3G23160, AT1G32190, AT1G33060, AT1G72820, AT3G23880, AT4G12735, AT5G12900, AT2G16250, AT2G15020, AT2G45850, AT5G08580, AT5G60710, AT1G26761, AT5G65920, AT5G35560, AT1G24160, AT1G73630, AT1G18010, AT3G13690, AT5G01030, AT1G78460, AT2G20050, AT3G28040, AT5G52280	1521	448	23398	1.476522142387527	0.9999993795668378	0.19744091137097022	0.18966293607453807
GOTERM_BP_DIRECT	GO:0009826~unidimensional cell growth	25	1.4863258026159334	0.01107003020902025	AT2G35620, AT2G40610, AT5G19530, AT4G01090, AT1G20190, AT1G75500, AT3G45970, AT5G59700, AT1G54740, AT4G38690, AT5G22310, AT2G06850, AT1G63430, AT1G70420, AT1G18620, AT2G16250, AT3G20300, AT5G56320, AT2G20750, AT3G18000, AT3G11590, AT1G78460, AT5G07830, AT2G46780, AT3G46370	1521	224	23398	1.7168862120785198	0.9999995845575949	0.20017040925899632	0.19228490828818737
GOTERM_BP_DIRECT	GO:0043455~regulation of secondary metabolic process	7	0.4161712247324614	0.011475677160855204	AT3G49790, AT3G45730, AT1G54740, AT3G44120, AT2G28630, AT5G25240, AT4G10910	1521	30	23398	3.589436774052159	0.9999997582787771	0.20470126827471447	0.19663727891843785
GOTERM_BP_DIRECT	GO:0000910~cytokinesis	12	0.713436385255648	0.011783687016218673	AT3G57830, AT1G79060, AT5G56220, AT4G28180, AT2G05920, AT1G67510, AT4G36180, AT4G35930, AT3G62630, AT5G66310, AT1G12500, AT4G29310	1521	78	23398	2.36666160926516	0.999999839799184	0.20739289148544868	0.19922286848753704
GOTERM_BP_DIRECT	GO:0009415~response to water	15	0.89179548156956	0.012775541674018922	AT4G01010, AT5G18130, AT1G14340, AT5G40690, AT1G16110, AT4G01090, AT3G25597, AT3G43850, AT3G19010, AT1G01490, AT1G18020, AT4G26290, AT1G36060, AT4G30370, AT2G29970	1521	111	23398	2.078824386516694	0.9999999574405071	0.22189098696980233	0.21314982687705256
GOTERM_BP_DIRECT	GO:0016310~phosphorylation	28	1.6646848989298455	0.013671550828976673	AT3G57720, AT5G43020, AT3G25490, AT5G23170, AT1G54820, AT3G13065, AT5G03640, AT5G39030, AT3G57830, AT5G42440, AT3G08760, AT3G57730, AT1G68400, AT1G11050, AT4G22940, AT5G46080, AT3G57770, AT1G70740, AT1G67470, AT5G66790, AT1G69790, AT1G54510, AT1G28440, AT2G28970, AT3G28040, AT1G69910, AT5G39020, AT3G46370	1521	265	23398	1.6254053316462604	0.999999987163133	0.2318682333258413	0.2227340301948233
GOTERM_BP_DIRECT	GO:0006790~sulfur compound metabolic process	14	0.8323424494649228	0.013701304696526986	AT5G44410, AT1G56240, AT1G12030, AT3G29000, AT5G23980, AT3G61750, AT5G23050, AT4G26130, AT5G65480, AT4G20820, AT5G11140, AT1G79760, AT2G03550, AT2G29970	1521	101	23398	2.1323386776547477	0.9999999876642548	0.2318682333258413	0.2227340301948233
GOTERM_BP_DIRECT	GO:0012501~programmed cell death	9	0.535077288941736	0.014564553309043543	AT4G23280, AT4G23170, AT3G19010, AT1G23710, AT3G50530, AT1G33760, AT1G75020, AT5G44070, AT2G26560	1521	50	23398	2.7689940828402366	0.9999999961167293	0.24335709326503135	0.23377029868186347
GOTERM_BP_DIRECT	GO:0032870~cellular response to hormone stimulus	18	1.070154577883472	0.016823578407451287	AT4G02200, AT1G63860, AT1G64065, AT3G29670, AT5G67245, AT1G16110, AT2G38790, AT3G26510, AT2G39180, AT3G47820, AT5G35732, AT2G20960, AT5G56795, AT5G65610, AT4G17900, AT1G23710, AT1G75020, AT1G72070	1521	149	23398	1.858385290496803	0.9999999998122757	0.27508246128219654	0.26424587947411
GOTERM_BP_DIRECT	GO:0009743~response to carbohydrate	4	0.23781212841854932	0.017088455928136452	AT1G56250, AT5G01880, AT1G05630, AT3G48360	1521	9	23398	6.8370224267660165	0.9999999998684608	0.27508246128219654	0.26424587947411
GOTERM_BP_DIRECT	GO:0009061~anaerobic respiration	4	0.23781212841854932	0.017088455928136452	AT1G33055, AT2G41730, AT3G10020, AT1G05575	1521	9	23398	6.8370224267660165	0.9999999998684608	0.27508246128219654	0.26424587947411
GOTERM_BP_DIRECT	GO:1903046~meiotic cell cycle process	17	1.0107015457788349	0.01739043154869671	AT3G57830, AT1G79060, AT1G32190, AT1G68400, AT1G18650, AT4G21970, AT4G26140, AT1G64080, AT5G48480, AT5G12440, AT2G05920, AT5G56530, AT4G36180, AT3G14240, AT4G35930, AT5G19160, AT1G69910	1521	138	23398	1.8950442595927544	0.999999999912319	0.27657071860577903	0.2656755084788847
GOTERM_BP_DIRECT	GO:0009892~negative regulation of metabolic process	26	1.5457788347205708	0.017854388722156125	AT1G56230, AT5G47020, AT2G43680, AT3G44820, AT3G18035, AT4G28180, AT2G05920, AT1G72850, AT5G66820, AT3G66652, AT2G38180, AT2G29970, AT1G32190, AT1G33060, AT2G36840, AT1G63430, AT3G23880, AT5G35560, AT1G28440, AT4G35930, AT4G35750, AT2G41550, AT2G41990, AT1G05860, AT5G52280, AT1G03300	1521	246	23398	1.62587728441387	0.999999999952993	0.2794801954727802	0.2684703695905192
GOTERM_BP_DIRECT	GO:0071555~cell wall organization	31	1.8430439952437574	0.017996830769080544	AT4G03210, AT3G23730, AT1G10550, AT5G57560, AT1G75500, AT2G21770, AT5G65730, AT3G42180, AT1G70090, AT5G56590, AT1G57590, AT1G32170, AT1G12780, AT2G06850, AT4G25810, AT5G42100, AT1G55850, AT4G02130, AT5G57550, AT2G24630, AT2G15390, AT2G01850, AT4G13840, AT2G20750, AT4G19420, AT4G18990, AT4G33970, AT3G10320, AT4G14130, AT4G13340, AT3G28180	1521	309	23398	1.5433084604107756	0.9999999999611837	0.2794801954727802	0.2684703695905192
GOTERM_BP_DIRECT	GO:0019748~secondary metabolic process	23	1.3674197384066586	0.01933870056503397	AT4G22690, AT5G19240, AT1G56240, AT3G29000, AT5G23980, AT5G23210, AT4G24700, AT4G12910, AT4G29110, AT5G46080, AT1G56720, AT1G52800, AT4G09890, AT4G18205, AT5G11140, AT2G38180, AT1G14380, AT1G04360, AT1G78990, AT5G01200, AT2G23130, AT3G15115, AT4G37310	1521	211	23398	1.6768526568016178	0.9999999999936154	0.29682656681214936	0.28513339902864043
GOTERM_BP_DIRECT	GO:0048532~anatomical structure arrangement	8	0.47562425683709864	0.01982955687132607	AT3G17840, AT1G32190, AT5G12440, AT1G68400, AT3G14240, AT3G13690, AT1G69910, AT1G64080	1521	43	23398	2.8620093879485653	0.9999999999967031	0.3008622421856369	0.2890100932510512
GOTERM_BP_DIRECT	GO:0048588~developmental cell growth	9	0.535077288941736	0.020276907171718477	AT1G32170, AT3G08600, AT5G22310, AT3G11590, AT3G28040, AT2G36420, AT3G46370, AT5G52280, AT5G24910	1521	53	23398	2.612258568717204	0.9999999999981952	0.30415360757577714	0.29217179879248895
GOTERM_BP_DIRECT	GO:0007623~circadian rhythm	16	0.9512485136741973	0.023046287731681325	AT4G02630, AT4G08920, AT3G56480, AT1G18330, AT3G26740, AT4G26150, AT2G39180, AT2G21320, AT2G44680, AT4G34680, AT1G01060, AT4G36930, AT2G47890, AT3G54810, AT3G48360, AT4G32890	1521	131	23398	1.878876392088371	0.999999999999957	0.3372466751986128	0.3239612001150311
GOTERM_BP_DIRECT	GO:0071417~cellular response to organonitrogen compound	4	0.23781212841854932	0.023249581396268003	AT3G47820, AT1G27100, AT3G56410, AT3G47570	1521	10	23398	6.153320184089415	0.9999999999999674	0.3372466751986128	0.3239612001150311
GOTERM_BP_DIRECT	GO:0009759~indole glucosinolate biosynthetic process	4	0.23781212841854932	0.023249581396268003	AT5G57220, AT3G56400, AT5G44585, AT1G18570	1521	10	23398	6.153320184089415	0.9999999999999674	0.3372466751986128	0.3239612001150311
GOTERM_BP_DIRECT	GO:1901575~organic substance catabolic process	18	1.070154577883472	0.023834263502411912	AT5G45650, AT3G49790, AT4G26950, AT2G36950, AT3G08760, AT5G23050, AT5G15860, AT3G57770, AT5G47020, AT4G38550, AT1G27100, AT1G23050, AT1G52342, AT1G22370, AT2G28630, AT5G47900, AT5G01200, AT1G70090	1521	155	23398	1.7864477953807978	0.9999999999999851	0.34196986764330134	0.32849832740280765
GOTERM_BP_DIRECT	GO:0048367~shoot system development	40	2.3781212841854935	0.024209967534609224	AT5G25930, AT1G02190, AT1G67340, AT1G13245, AT4G24670, AT4G37100, AT2G20142, AT3G18035, AT2G23430, AT2G05920, AT5G56530, AT1G72850, AT2G24600, AT3G16857, AT3G11000, AT5G19160, AT4G35783, AT1G79360, AT2G04050, AT2G37930, AT1G56260, AT3G08760, AT3G29000, AT1G72820, AT3G61310, AT2G16250, AT2G45850, AT4G37030, AT5G35560, AT4G37370, AT4G36180, AT1G28440, AT1G70560, AT2G29125, AT2G26695, AT2G25420, AT2G20050, AT1G75090, AT5G11090, AT1G73590	1521	433	23398	1.4210901117989412	0.9999999999999911	0.343625345652518	0.33008858961166126
GOTERM_BP_DIRECT	GO:0006721~terpenoid metabolic process	8	0.47562425683709864	0.0249746973857848	AT5G43450, AT2G34510, AT5G10770, AT1G28660, AT1G01390, AT5G35970, AT3G29250, AT2G04790	1521	45	23398	2.7348089707064065	0.9999999999999968	0.35070851648123336	0.33689272643803325
GOTERM_BP_DIRECT	GO:0010120~camalexin biosynthetic process	5	0.2972651605231867	0.026072438986916146	AT3G56400, AT1G56250, AT3G45640, AT4G27260, AT2G38470	1521	18	23398	4.27313901672876	0.9999999999999993	0.3614092523358525	0.34717191815292503
GOTERM_BP_DIRECT	GO:1901565~organonitrogen compound catabolic process	26	1.5457788347205708	0.026438210414228253	AT1G11380, AT1G66890, AT3G45730, AT1G76990, AT1G54740, AT1G01490, AT1G21000, AT2G28120, AT1G58180, AT1G79360, AT3G45290, AT5G18130, AT3G29240, AT5G45310, AT1G56220, AT1G72820, AT4G26140, AT3G26510, AT4G27450, AT1G02610, AT1G77210, AT3G45300, AT1G21550, AT2G21185, AT4G12690, AT5G24910	1521	255	23398	1.5684933802580863	0.9999999999999996	0.3614092523358525	0.34717191815292503
GOTERM_BP_DIRECT	GO:0008610~lipid biosynthetic process	27	1.6052318668252081	0.0265581041489225	AT3G05100, AT3G06770, AT3G29670, AT1G02190, AT5G23210, AT3G62630, AT5G62140, AT4G03070, AT3G05900, AT2G30010, AT5G66800, AT5G56530, AT1G28670, AT2G48030, AT5G01881, AT1G35180, AT5G49215, AT1G79060, AT1G61350, AT3G54320, AT5G66310, AT4G26140, AT4G24240, AT1G29530, AT5G05890, AT3G28040, AT5G52280	1521	268	23398	1.5498101209926698	0.9999999999999997	0.3614092523358525	0.34717191815292503
GOTERM_BP_DIRECT	GO:0010089~xylem development	8	0.47562425683709864	0.027861194844226566	AT2G43680, AT4G03210, AT2G06850, AT5G23100, AT3G46890, AT5G53830, AT5G51590, AT1G22740	1521	46	23398	2.675356601778007	0.9999999999999999	0.3752732366773374	0.3604897455355029
GOTERM_BP_DIRECT	GO:0009863~salicylic acid mediated signaling pathway	10	0.5945303210463734	0.028704217707188336	AT4G38550, AT1G67920, AT5G19240, AT5G02290, AT3G54000, AT5G41100, AT1G11050, AT3G52400, AT1G70090, AT3G26910	1521	67	23398	2.2960149940632144	1.0	0.38272290276251114	0.3676459399264122
GOTERM_BP_DIRECT	GO:0043436~oxoacid metabolic process	31	1.8430439952437574	0.03198986061924585	AT4G22690, AT1G62510, AT3G29670, AT5G26200, AT3G57680, AT5G23170, AT3G25597, AT1G34640, AT1G22030, AT2G20142, AT3G44820, AT5G10770, AT3G19000, AT1G27460, AT5G35970, AT2G27430, AT4G33960, AT1G43650, AT2G23130, AT2G29970, AT3G06145, AT1G14340, AT1G33102, AT1G02850, AT4G38420, AT3G20300, AT5G56220, AT3G47820, AT5G01030, AT4G18990, AT4G37310	1521	324	23398	1.4718589946510174	1.0	0.4222661601740452	0.4056314326520374
GOTERM_BP_DIRECT	GO:0010075~regulation of meristem growth	6	0.356718192627824	0.03234236272742959	AT5G19740, AT5G65700, AT4G08920, AT3G45260, AT5G44160, AT1G65380	1521	28	23398	3.296421527190758	1.0	0.4226922653485847	0.40604075186515565
GOTERM_BP_DIRECT	GO:0065003~macromolecular complex assembly	18	1.070154577883472	0.0328562987812252	AT1G60460, AT5G25840, AT2G35820, AT4G24700, AT5G25210, AT5G10946, AT5G62140, AT3G23880, AT1G63580, AT3G26510, AT4G37540, AT1G54820, AT1G71970, AT1G78995, AT5G47900, AT4G29905, AT3G28040, AT5G59350	1521	161	23398	1.719872101143004	1.0	0.4251991606982085	0.40844889073130936
GOTERM_BP_DIRECT	GO:0090558~plant epidermis development	29	1.7241379310344827	0.0340410537870774	AT5G40690, AT5G53500, AT4G03070, AT3G25597, AT3G05900, AT2G17550, AT1G29050, AT3G22104, AT3G62570, AT2G18193, AT2G30930, AT1G28670, AT3G20370, AT2G48030, AT1G04360, AT3G62390, AT5G46640, AT1G10020, AT5G44020, AT1G63430, AT2G33710, AT1G17430, AT4G02130, AT5G60210, AT3G29250, AT3G28040, AT2G46780, AT4G12690, AT5G52280	1521	300	23398	1.4870523778216087	1.0	0.4362542815431278	0.41906850681567126
GOTERM_BP_DIRECT	GO:0071483~cellular response to blue light	5	0.2972651605231867	0.03725501667100192	AT2G21320, AT5G24120, AT1G75100, AT5G26200, AT5G64840	1521	20	23398	3.8458251150558844	1.0	0.472852134670409	0.454224626334908
GOTERM_BP_DIRECT	GO:0048366~leaf development	21	1.2485136741973841	0.04163752519553152	AT5G22860, AT1G32190, AT5G43020, AT4G18390, AT4G14713, AT2G31070, AT1G64080, AT4G21550, AT5G48480, AT4G37560, AT2G23430, AT1G70560, AT3G13690, AT5G60970, AT5G28400, AT2G42200, AT4G33950, AT3G28040, AT1G69910, AT4G18960, AT2G46870	1521	203	23398	1.591375909678297	1.0	0.523443173886682	0.5028226852184188
GOTERM_BP_DIRECT	GO:0019760~glucosinolate metabolic process	14	0.8323424494649228	0.042855397835691714	AT2G30590, AT3G27540, AT5G62140, AT5G61590, AT1G66140, AT1G25390, AT1G69160, AT5G57220, AT4G38550, AT2G44490, AT3G42180, AT5G50160, AT4G37750, AT1G01420	1521	118	23398	1.8251373427383857	1.0	0.5295561784083105	0.5086948744104074
GOTERM_BP_DIRECT	GO:0009734~auxin-activated signaling pathway	24	1.426872770511296	0.04344935955795838	AT1G56150, AT2G33310, AT4G26610, AT5G43870, AT1G29460, AT1G23080, AT4G28640, AT1G69160, AT1G75500, AT4G14740, AT5G55540, AT2G23810, AT2G01420, AT1G70560, AT1G76520, AT5G43700, AT4G30430, AT1G73590, AT2G47000, AT3G48360, AT2G01180, AT2G21050, AT4G14550, AT3G12830	1521	242	23398	1.5256165745676236	1.0	0.5295561784083105	0.5086948744104074
GOTERM_BP_DIRECT	GO:0006863~purine nucleobase transport	5	0.2972651605231867	0.043728502610989275	AT1G57990, AT1G19770, AT4G18197, AT4G18195, AT1G30840	1521	21	23398	3.662690585767509	1.0	0.5295561784083105	0.5086948744104074
GOTERM_BP_DIRECT	GO:0009682~induced systemic resistance	5	0.2972651605231867	0.043728502610989275	AT5G57220, AT3G56400, AT2G44490, AT1G18570, AT4G12470	1521	21	23398	3.662690585767509	1.0	0.5295561784083105	0.5086948744104074
GOTERM_BP_DIRECT	GO:0048544~recognition of pollen	7	0.4161712247324614	0.04760922190943221	AT1G11350, AT4G27300, AT1G61460, AT4G27290, AT2G41890, AT1G11300, AT1G11410	1521	41	23398	2.6264171517454815	1.0	0.5621415136251072	0.5399965449065424
GOTERM_BP_DIRECT	GO:0016049~cell growth	13	0.7728894173602854	0.04766588937903979	AT1G38131, AT3G06770, AT3G62630, AT4G03070, AT5G55230, AT4G18830, AT5G65920, AT1G78020, AT3G45230, AT5G19190, AT2G20050, AT3G15115, AT4G37750	1521	108	23398	1.8516935739157963	1.0	0.5621415136251072	0.5399965449065424
GOTERM_BP_DIRECT	GO:0042430~indole-containing compound metabolic process	6	0.356718192627824	0.047696855701524245	AT1G10140, AT4G38550, AT1G56240, AT3G29000, AT5G11140, AT2G27389	1521	31	23398	2.97741299230133	1.0	0.5621415136251072	0.5399965449065424
GOTERM_BP_DIRECT	GO:0009908~flower development	33	1.9619500594530321	0.05046690528035655	AT3G30300, AT5G43020, AT2G38110, AT1G67340, AT3G02310, AT5G62040, AT4G24670, AT1G69490, AT2G22540, AT4G36930, AT2G02450, AT4G18960, AT1G72070, AT2G46870, AT2G45660, AT5G67440, AT1G32190, AT3G54720, AT2G33810, AT4G28703, AT5G47590, AT2G40080, AT3G61250, AT1G24260, AT4G37590, AT1G28440, AT1G70560, AT4G36920, AT1G53160, AT1G73590, AT2G41890, AT5G60910, AT4G37750	1521	364	23398	1.3946398768883976	1.0	0.5881078119758614	0.5649399284737819
GOTERM_BP_DIRECT	GO:0010038~response to metal ion	5	0.2972651605231867	0.05079112921609712	AT5G25620, AT5G56795, AT5G39030, AT5G39020, AT5G44070	1521	22	23398	3.496204650050804	1.0	0.5881078119758614	0.5649399284737819
GOTERM_BP_DIRECT	GO:0023051~regulation of signaling	3	0.178359096313912	0.05308890565615444	AT4G18205, AT1G70090, AT2G40095	1521	6	23398	7.691650230111769	1.0	0.5992462564710725	0.5756395857616061
GOTERM_BP_DIRECT	GO:0090626~plant epidermis morphogenesis	3	0.178359096313912	0.05308890565615444	AT5G23940, AT1G63430, AT1G68400	1521	6	23398	7.691650230111769	1.0	0.5992462564710725	0.5756395857616061
GOTERM_BP_DIRECT	GO:0032787~monocarboxylic acid metabolic process	18	1.070154577883472	0.05311500909629961	AT5G45650, AT4G19160, AT5G19240, AT2G36950, AT5G44020, AT5G42440, AT5G54710, AT1G30440, AT2G32030, AT1G01430, AT4G11000, AT4G38550, AT5G66800, AT2G42190, AT2G29125, AT2G41640, AT1G35180, AT1G72070	1521	171	23398	1.6192947852866881	1.0	0.5992462564710725	0.5756395857616061
GOTERM_BP_DIRECT	GO:0010187~negative regulation of seed germination	6	0.356718192627824	0.053624905180930514	AT5G47610, AT1G36060, AT2G20180, AT4G36930, AT4G26150, AT4G00050	1521	32	23398	2.8843688362919133	1.0	0.5998718206680362	0.5762405065205075
GOTERM_BP_DIRECT	GO:0007389~pattern specification process	7	0.4161712247324614	0.05793499782308561	AT5G48500, AT2G01420, AT1G79760, AT2G37460, AT1G23080, AT5G11090, AT4G37310	1521	43	23398	2.5042582144549943	1.0	0.6372849760539417	0.6121798103306045
GOTERM_BP_DIRECT	GO:0090333~regulation of stomatal closure	7	0.4161712247324614	0.05793499782308561	AT4G00990, AT3G56400, AT5G58430, AT1G23030, AT3G05030, AT2G26650, AT4G33950	1521	43	23398	2.5042582144549943	1.0	0.6372849760539417	0.6121798103306045
GOTERM_BP_DIRECT	GO:0010150~leaf senescence	27	1.6052318668252081	0.061896386067114936	AT5G25930, AT5G40690, AT1G16130, AT1G70530, AT5G54710, AT1G71520, AT5G62165, AT1G69490, AT3G15760, AT5G41740, AT4G39580, AT4G35783, AT2G40095, AT5G18470, AT3G56400, AT5G18130, AT4G32940, AT5G46080, AT4G12735, AT2G31070, AT1G64360, AT5G44160, AT4G37370, AT3G19010, AT4G23810, AT5G60970, AT5G11090	1521	291	23398	1.4273165375465138	1.0	0.6752333025503447	0.6486332027529069
GOTERM_BP_DIRECT	GO:0009832~plant-type cell wall biogenesis	14	0.8323424494649228	0.0659098286499871	AT2G35620, AT5G41140, AT5G47820, AT3G01940, AT3G29810, AT5G49360, AT5G57550, AT2G21770, AT5G65920, AT3G11590, AT1G43650, AT5G01200, AT5G52280, AT4G31890	1521	126	23398	1.7092556066915041	1.0	0.7131227362129752	0.685030022362161
GOTERM_BP_DIRECT	GO:0042594~response to starvation	5	0.2972651605231867	0.06666271988873229	AT1G22160, AT1G67750, AT5G54730, AT1G78020, AT5G65040	1521	24	23398	3.2048542625465704	1.0	0.7154047988059076	0.6872221855196141
GOTERM_BP_DIRECT	GO:2000022~regulation of jasmonic acid mediated signaling pathway	7	0.4161712247324614	0.06949806274179017	AT3G56400, AT5G45110, AT2G46400, AT4G23810, AT4G14713, AT4G32570, AT4G19660	1521	45	23398	2.3929578493681056	1.0	0.7340721075070844	0.705154115393169
GOTERM_BP_DIRECT	GO:0046345~abscisic acid catabolic process	3	0.178359096313912	0.0711827498188688	AT5G45340, AT2G29090, AT4G19230	1521	7	23398	6.592843054381516	1.0	0.7340721075070844	0.705154115393169
GOTERM_BP_DIRECT	GO:0006073~cellular glucan metabolic process	3	0.178359096313912	0.0711827498188688	AT4G03210, AT2G06850, AT4G18990	1521	7	23398	6.592843054381516	1.0	0.7340721075070844	0.705154115393169
GOTERM_BP_DIRECT	GO:0009687~abscisic acid metabolic process	3	0.178359096313912	0.0711827498188688	AT5G45340, AT2G29090, AT4G19230	1521	7	23398	6.592843054381516	1.0	0.7340721075070844	0.705154115393169
GOTERM_BP_DIRECT	GO:0080037~negative regulation of cytokinin-activated signaling pathway	3	0.178359096313912	0.0711827498188688	AT2G44130, AT1G19770, AT1G80440	1521	7	23398	6.592843054381516	1.0	0.7340721075070844	0.705154115393169
GOTERM_BP_DIRECT	GO:1901617~organic hydroxy compound biosynthetic process	5	0.2972651605231867	0.07545215824689432	AT5G49215, AT3G05100, AT2G48030, AT5G53830, AT5G52280	1521	25	23398	3.0766600920447074	1.0	0.7488484878639134	0.7193483959177593
GOTERM_BP_DIRECT	GO:0010143~cutin biosynthetic process	5	0.2972651605231867	0.07545215824689432	AT5G23940, AT4G01950, AT1G02390, AT2G38110, AT2G47240	1521	25	23398	3.0766600920447074	1.0	0.7488484878639134	0.7193483959177593
GOTERM_BP_DIRECT	GO:0010262~somatic embryogenesis	5	0.2972651605231867	0.07545215824689432	AT5G25620, AT3G55560, AT3G14020, AT1G73590, AT2G21050	1521	25	23398	3.0766600920447074	1.0	0.7488484878639134	0.7193483959177593
GOTERM_BP_DIRECT	GO:0060918~auxin transport	5	0.2972651605231867	0.07545215824689432	AT1G69160, AT4G08920, AT2G01420, AT1G23080, AT1G73590	1521	25	23398	3.0766600920447074	1.0	0.7488484878639134	0.7193483959177593
GOTERM_BP_DIRECT	GO:0010817~regulation of hormone levels	5	0.2972651605231867	0.07545215824689432	AT3G44820, AT1G29460, AT4G37080, AT1G30440, AT2G46780	1521	25	23398	3.0766600920447074	1.0	0.7488484878639134	0.7193483959177593
GOTERM_BP_DIRECT	GO:0065008~regulation of biological quality	13	0.7728894173602854	0.08173014724249517	AT5G22860, AT1G38131, AT1G14340, AT5G53830, AT2G33360, AT2G30010, AT5G58520, AT3G47820, AT5G66900, AT2G20960, AT3G46890, AT5G38210, AT3G20080	1521	118	23398	1.694770389685644	1.0	0.8046766022220897	0.7729772209224316
GOTERM_BP_DIRECT	GO:0009926~auxin polar transport	7	0.4161712247324614	0.08229647068180462	AT5G55540, AT2G01420, AT5G19530, AT1G70560, AT1G23080, AT1G73590, AT2G47000	1521	47	23398	2.291129855777973	1.0	0.8046766022220897	0.7729772209224316
GOTERM_BP_DIRECT	GO:0009640~photomorphogenesis	10	0.5945303210463734	0.0841406976160847	AT2G21320, AT1G78600, AT3G54720, AT4G37470, AT4G08920, AT4G39070, AT4G32980, AT1G73590, AT5G54190, AT1G53090	1521	82	23398	1.8760122512467727	1.0	0.8106986923593562	0.7787620772058059
GOTERM_BP_DIRECT	GO:0009744~response to sucrose	10	0.5945303210463734	0.0841406976160847	AT4G29910, AT4G37220, AT1G74670, AT1G69780, AT3G63210, AT1G22160, AT1G28330, AT3G54320, AT2G23460, AT4G39795	1521	82	23398	1.8760122512467727	1.0	0.8106986923593562	0.7787620772058059
GOTERM_BP_DIRECT	GO:2000038~regulation of stomatal complex development	3	0.178359096313912	0.09092229760914287	AT3G45640, AT1G20160, AT1G33240	1521	8	23398	5.768737672583827	1.0	0.8634347686623639	0.8294206717150587
GOTERM_BP_DIRECT	GO:0045962~positive regulation of development, heterochronic	3	0.178359096313912	0.09092229760914287	AT4G18390, AT5G60970, AT2G31070	1521	8	23398	5.768737672583827	1.0	0.8634347686623639	0.8294206717150587
GOTERM_BP_DIRECT	GO:0018130~heterocycle biosynthetic process	18	1.070154577883472	0.09412028015088136	AT3G49790, AT5G46440, AT3G29240, AT1G57980, AT1G18000, AT4G08555, AT4G27450, AT2G32030, AT5G48490, AT5G53900, AT2G45850, AT5G63810, AT3G15570, AT5G64840, AT5G35970, AT5G41761, AT1G04360, AT3G45290	1521	185	23398	1.4967535582920197	1.0	0.8811560765598332	0.8464438674832337
GOTERM_BP_DIRECT	GO:1900425~negative regulation of defense response to bacterium	4	0.23781212841854932	0.094123489996164	AT1G70260, AT1G20160, AT5G18650, AT5G66210	1521	17	23398	3.6196001082878912	1.0	0.8811560765598332	0.8464438674832337
GOTERM_BP_DIRECT	GO:0009741~response to brassinosteroid	8	0.47562425683709864	0.09948762994560495	AT1G69160, AT5G57560, AT3G62570, AT5G59700, AT4G39070, AT5G19190, AT3G19680, AT2G46780	1521	61	23398	2.0174820275703	1.0	0.9224941003349924	0.8861534236551291
GOTERM_BP_DIRECT	GO:0009056~catabolic process	10	0.5945303210463734	0.09993686086962418	AT1G32170, AT2G43680, AT5G60710, AT1G49840, AT4G17900, AT1G67340, AT1G21320, AT1G17970, AT1G03220, AT4G35750	1521	85	23398	1.8098000541439456	1.0	0.9224941003349924	0.8861534236551291